date,agegrp,covid_count,covid_deaths,covid_test,covid_count_pct,covid_deaths_pct,covid_test_pct
2020-06-20,0-19,2524,2,27001,6,0.09,6.72
2020-06-20,20-29,6317,5,57760,15.02,0.21,14.38
2020-06-20,30-39,6842,16,62528,16.27,0.68,15.56
2020-06-20,40-49,7162,44,62498,17.03,1.88,15.55
2020-06-20,50-59,6758,121,67602,16.07,5.16,16.82
2020-06-20,60-69,5203,385,59725,12.37,16.41,14.86
2020-06-20,70-79,3327,576,37560,7.91,24.55,9.35
2020-06-20,80+,3896,1197,23921,9.26,51.02,5.95
2020-06-20,Unknown,32,0,3207,0.08,0,0.8
2020-06-21,0-19,2577,2,27919,6.07,0.09,6.78
2020-06-21,20-29,6402,5,59555,15.09,0.21,14.46
2020-06-21,30-39,6903,16,64222,16.27,0.68,15.59
2020-06-21,40-49,7215,44,64140,17.01,1.87,15.57
2020-06-21,50-59,6807,121,69300,16.05,5.15,16.82
2020-06-21,60-69,5238,386,61039,12.35,16.43,14.82
2020-06-21,70-79,3333,576,38212,7.86,24.51,9.28
2020-06-21,80+,3916,1200,24321,9.23,51.06,5.9
2020-06-21,Unknown,32,0,3212,0.08,0,0.78
2020-06-22,0-19,2606,2,28527,6.11,0.08,6.81
2020-06-22,20-29,6449,5,60644,15.13,0.21,14.48
2020-06-22,30-39,6930,16,65319,16.26,0.68,15.59
2020-06-22,40-49,7243,44,65162,16.99,1.86,15.55
2020-06-22,50-59,6838,121,70451,16.04,5.12,16.82
2020-06-22,60-69,5255,387,62069,12.33,16.38,14.82
2020-06-22,70-79,3351,580,38830,7.86,24.55,9.27
2020-06-22,80+,3929,1208,24701,9.22,51.12,5.9
2020-06-22,Unknown,32,0,3213,0.08,0,0.77
2020-06-23,0-19,2631,2,29200,6.14,0.08,6.85
2020-06-23,20-29,6503,5,61904,15.17,0.21,14.52
2020-06-23,30-39,6984,16,66534,16.29,0.67,15.6
2020-06-23,40-49,7265,44,66296,16.95,1.85,15.55
2020-06-23,50-59,6865,122,71716,16.01,5.13,16.82
2020-06-23,60-69,5287,389,63067,12.33,16.37,14.79
2020-06-23,70-79,3367,583,39445,7.85,24.53,9.25
2020-06-23,80+,3937,1216,24998,9.18,51.16,5.86
2020-06-23,Unknown,32,0,3216,0.07,0,0.75
2020-06-24,0-19,2669,2,29792,6.19,0.08,6.9
2020-06-24,20-29,6564,6,62886,15.22,0.25,14.56
2020-06-24,30-39,7025,16,67452,16.28,0.67,15.62
2020-06-24,40-49,7300,45,67127,16.92,1.89,15.54
2020-06-24,50-59,6894,123,72577,15.98,5.16,16.8
2020-06-24,60-69,5321,390,63834,12.33,16.35,14.78
2020-06-24,70-79,3389,584,39805,7.86,24.48,9.22
2020-06-24,80+,3946,1220,25197,9.15,51.13,5.83
2020-06-24,Unknown,32,0,3213,0.07,0,0.74
2020-06-25,0-19,2725,2,30991,6.24,0.08,6.98
2020-06-25,20-29,6672,6,64778,15.28,0.25,14.58
2020-06-25,30-39,7104,16,69225,16.27,0.67,15.58
2020-06-25,40-49,7388,45,68857,16.92,1.88,15.5
2020-06-25,50-59,6974,123,74587,15.98,5.14,16.79
2020-06-25,60-69,5362,391,65608,12.28,16.33,14.77
2020-06-25,70-79,3418,587,41038,7.83,24.52,9.24
2020-06-25,80+,3980,1224,25946,9.12,51.13,5.84
2020-06-25,Unknown,32,0,3222,0.07,0,0.73
2020-06-26,0-19,2796,2,31940,6.33,0.08,7.04
2020-06-26,20-29,6768,6,66282,15.33,0.25,14.6
2020-06-26,30-39,7178,16,70679,16.26,0.67,15.57
2020-06-26,40-49,7469,45,70213,16.92,1.87,15.47
2020-06-26,50-59,7030,123,75970,15.93,5.12,16.74
2020-06-26,60-69,5415,391,66892,12.27,16.27,14.74
2020-06-26,70-79,3451,590,41892,7.82,24.55,9.23
2020-06-26,80+,4001,1230,26789,9.06,51.19,5.9
2020-06-26,Unknown,32,0,3233,0.07,0,0.71
2020-06-27,0-19,2845,2,32866,6.38,0.08,7.1
2020-06-27,20-29,6878,6,67959,15.43,0.25,14.68
2020-06-27,30-39,7253,16,72199,16.27,0.66,15.59
2020-06-27,40-49,7544,45,71533,16.92,1.86,15.45
2020-06-27,50-59,7082,123,77315,15.89,5.07,16.7
2020-06-27,60-69,5444,392,68030,12.21,16.17,14.69
2020-06-27,70-79,3474,594,42588,7.79,24.5,9.2
2020-06-27,80+,4023,1246,27274,9.03,51.4,5.89
2020-06-27,Unknown,32,0,3253,0.07,0,0.7
2020-06-28,0-19,2879,2,33581,6.41,0.08,7.14
2020-06-28,20-29,6969,6,69074,15.51,0.25,14.68
2020-06-28,30-39,7312,16,73206,16.27,0.66,15.56
2020-06-28,40-49,7589,45,72465,16.89,1.85,15.4
2020-06-28,50-59,7135,123,78287,15.88,5.07,16.64
2020-06-28,60-69,5486,392,68938,12.21,16.15,14.65
2020-06-28,70-79,3494,594,43280,7.78,24.47,9.2
2020-06-28,80+,4033,1249,28451,8.98,51.46,6.05
2020-06-28,Unknown,33,0,3253,0.07,0,0.69
2020-06-29,0-19,2913,2,34200,6.44,0.08,7.18
2020-06-29,20-29,7054,6,70038,15.6,0.25,14.7
2020-06-29,30-39,7358,16,74086,16.27,0.66,15.55
2020-06-29,40-49,7621,45,73237,16.85,1.85,15.37
2020-06-29,50-59,7169,123,79144,15.85,5.06,16.61
2020-06-29,60-69,5514,393,69724,12.19,16.16,14.63
2020-06-29,70-79,3508,595,43801,7.76,24.47,9.19
2020-06-29,80+,4057,1251,29034,8.97,51.44,6.09
2020-06-29,Unknown,34,1,3255,0.08,0.04,0.68
2020-06-30,0-19,2960,2,34921,6.49,0.08,7.21
2020-06-30,20-29,7138,6,71224,15.66,0.25,14.71
2020-06-30,30-39,7412,16,75275,16.26,0.65,15.55
2020-06-30,40-49,7659,45,74201,16.8,1.84,15.32
2020-06-30,50-59,7220,123,80186,15.84,5.02,16.56
2020-06-30,60-69,5561,395,70788,12.2,16.14,14.62
2020-06-30,70-79,3535,599,44522,7.75,24.47,9.2
2020-06-30,80+,4075,1262,29831,8.94,51.55,6.16
2020-06-30,Unknown,34,0,3248,0.07,0,0.67
2020-07-01,0-19,3002,2,35536,6.53,0.08,7.26
2020-07-01,20-29,7207,6,72048,15.68,0.24,14.71
2020-07-01,30-39,7464,16,76158,16.24,0.65,15.55
2020-07-01,40-49,7711,45,74949,16.78,1.83,15.3
2020-07-01,50-59,7282,125,80995,15.85,5.09,16.54
2020-07-01,60-69,5603,397,71506,12.19,16.16,14.6
2020-07-01,70-79,3553,599,44993,7.73,24.39,9.19
2020-07-01,80+,4098,1266,30283,8.92,51.55,6.18
2020-07-01,Unknown,32,0,3248,0.07,0,0.66
2020-07-02,0-19,3046,2,36367,6.57,0.08,7.32
2020-07-02,20-29,7312,7,73276,15.76,0.28,14.75
2020-07-02,30-39,7530,16,77258,16.23,0.65,15.55
2020-07-02,40-49,7768,46,75886,16.75,1.86,15.27
2020-07-02,50-59,7330,125,82064,15.8,5.06,16.52
2020-07-02,60-69,5664,397,72465,12.21,16.08,14.59
2020-07-02,70-79,3584,600,45613,7.73,24.3,9.18
2020-07-02,80+,4121,1276,30656,8.88,51.68,6.17
2020-07-02,Unknown,32,0,3250,0.07,0,0.65
2020-07-03,0-19,3119,2,37272,6.65,0.08,7.39
2020-07-03,20-29,7445,7,74753,15.87,0.28,14.83
2020-07-03,30-39,7605,17,78490,16.21,0.68,15.57
2020-07-03,40-49,7832,46,76912,16.69,1.85,15.26
2020-07-03,50-59,7395,128,83175,15.76,5.14,16.5
2020-07-03,60-69,5727,397,73324,12.21,15.96,14.54
2020-07-03,70-79,3619,605,46095,7.71,24.32,9.14
2020-07-03,80+,4140,1286,30882,8.82,51.69,6.13
2020-07-03,Unknown,33,0,3250,0.07,0,0.64
2020-07-04,0-19,3193,2,38184,6.73,0.08,7.45
2020-07-04,20-29,7565,7,76289,15.95,0.28,14.89
2020-07-04,30-39,7680,18,79822,16.19,0.72,15.58
2020-07-04,40-49,7895,46,78083,16.64,1.84,15.24
2020-07-04,50-59,7457,128,84377,15.72,5.13,16.47
2020-07-04,60-69,5781,397,74327,12.19,15.92,14.51
2020-07-04,70-79,3648,607,46711,7.69,24.34,9.12
2020-07-04,80+,4181,1289,31235,8.81,51.68,6.1
2020-07-04,Unknown,32,0,3260,0.07,0,0.64
2020-07-05,0-19,3301,2,39294,6.88,0.08,7.53
2020-07-05,20-29,7699,7,77912,16.04,0.28,14.93
2020-07-05,30-39,7752,18,81286,16.15,0.72,15.58
2020-07-05,40-49,7981,46,79424,16.62,1.84,15.22
2020-07-05,50-59,7533,129,85887,15.69,5.16,16.46
2020-07-05,60-69,5822,399,75579,12.13,15.96,14.49
2020-07-05,70-79,3680,609,47475,7.67,24.36,9.1
2020-07-05,80+,4208,1290,31610,8.77,51.6,6.06
2020-07-05,Unknown,32,0,3255,0.07,0,0.62
2020-07-06,0-19,3335,2,39875,6.9,0.08,7.57
2020-07-06,20-29,7775,7,78718,16.09,0.28,14.95
2020-07-06,30-39,7803,18,81987,16.14,0.72,15.57
2020-07-06,40-49,8027,46,80046,16.61,1.84,15.2
2020-07-06,50-59,7576,129,86591,15.68,5.15,16.44
2020-07-06,60-69,5856,399,76306,12.12,15.93,14.49
2020-07-06,70-79,3699,610,47937,7.65,24.35,9.1
2020-07-06,80+,4228,1294,31873,8.75,51.66,6.05
2020-07-06,Unknown,32,0,3259,0.07,0,0.62
2020-07-07,0-19,3403,2,40265,7,0.08,7.6
2020-07-07,20-29,7834,7,79304,16.11,0.28,14.96
2020-07-07,30-39,7842,18,82496,16.13,0.71,15.56
2020-07-07,40-49,8070,46,80512,16.6,1.82,15.19
2020-07-07,50-59,7616,129,87084,15.66,5.11,16.43
2020-07-07,60-69,5878,402,76829,12.09,15.93,14.49
2020-07-07,70-79,3716,615,48256,7.64,24.37,9.1
2020-07-07,80+,4235,1305,32069,8.71,51.7,6.05
2020-07-07,Unknown,32,0,3260,0.07,0,0.62
2020-07-08,0-19,3459,2,40980,7.05,0.08,7.65
2020-07-08,20-29,7931,7,80293,16.16,0.28,14.98
2020-07-08,30-39,7905,18,83323,16.11,0.71,15.55
2020-07-08,40-49,8140,46,81307,16.59,1.81,15.17
2020-07-08,50-59,7676,130,87967,15.65,5.12,16.42
2020-07-08,60-69,5918,404,77581,12.06,15.91,14.48
2020-07-08,70-79,3746,618,48771,7.64,24.34,9.1
2020-07-08,80+,4256,1314,32371,8.67,51.75,6.04
2020-07-08,Unknown,32,0,3264,0.07,0,0.61
2020-07-09,0-19,3528,2,41884,7.12,0.08,7.72
2020-07-09,20-29,8057,8,81407,16.25,0.31,15.01
2020-07-09,30-39,7968,18,84217,16.07,0.71,15.53
2020-07-09,40-49,8244,46,82199,16.63,1.81,15.16
2020-07-09,50-59,7742,130,88916,15.62,5.11,16.4
2020-07-09,60-69,5960,404,78430,12.02,15.87,14.46
2020-07-09,70-79,3773,619,49323,7.61,24.31,9.1
2020-07-09,80+,4271,1319,32658,8.62,51.81,6.02
2020-07-09,Unknown,32,0,3258,0.06,0,0.6
2020-07-20,0-19,4697,2,55112,8.21,0.08,8.67
2020-07-20,20-29,9974,8,99584,17.44,0.3,15.67
2020-07-20,30-39,9044,19,98698,15.81,0.72,15.53
2020-07-20,40-49,9330,46,95086,16.31,1.75,14.96
2020-07-20,50-59,8777,134,102197,15.34,5.09,16.08
2020-07-20,60-69,6674,419,89613,11.67,15.92,14.1
2020-07-20,70-79,4204,647,56158,7.35,24.58,8.83
2020-07-20,80+,4473,1357,35921,7.82,51.56,5.65
2020-07-20,Unknown,33,0,3291,0.06,0,0.52
2020-07-21,0-19,4802,2,56415,8.29,0.08,8.75
2020-07-21,20-29,10146,8,101514,17.52,0.3,15.74
2020-07-21,30-39,9145,19,100211,15.79,0.72,15.54
2020-07-21,40-49,9437,46,96347,16.29,1.73,14.94
2020-07-21,50-59,8864,136,103438,15.3,5.13,16.04
2020-07-21,60-69,6742,422,90599,11.64,15.91,14.05
2020-07-21,70-79,4251,650,56787,7.34,24.51,8.81
2020-07-21,80+,4494,1369,36194,7.76,51.62,5.61
2020-07-21,Unknown,35,0,3300,0.06,0,0.51
2020-07-22,0-19,4917,2,57764,8.38,0.08,8.83
2020-07-22,20-29,10334,8,103279,17.61,0.3,15.78
2020-07-22,30-39,9254,19,101696,15.77,0.71,15.54
2020-07-22,40-49,9535,46,97640,16.25,1.73,14.92
2020-07-22,50-59,8962,137,104848,15.27,5.14,16.02
2020-07-22,60-69,6817,426,91775,11.62,15.98,14.02
2020-07-22,70-79,4298,654,57567,7.33,24.53,8.8
2020-07-22,80+,4521,1374,36547,7.71,51.54,5.58
2020-07-22,Unknown,35,0,3297,0.06,0,0.5
2020-07-23,0-19,5034,2,59656,8.45,0.07,8.95
2020-07-23,20-29,10556,9,105623,17.71,0.34,15.85
2020-07-23,30-39,9414,19,103670,15.79,0.71,15.56
2020-07-23,40-49,9661,46,99323,16.21,1.71,14.91
2020-07-23,50-59,9091,138,106396,15.25,5.14,15.97
2020-07-23,60-69,6899,427,93129,11.58,15.92,13.98
2020-07-23,70-79,4355,655,58308,7.31,24.41,8.75
2020-07-23,80+,4557,1387,36881,7.65,51.7,5.54
2020-07-23,Unknown,35,0,3297,0.06,0,0.49
2020-07-24,0-19,5174,2,61481,8.54,0.07,9.06
2020-07-24,20-29,10781,9,108127,17.79,0.33,15.93
2020-07-24,30-39,9569,19,105689,15.79,0.71,15.57
2020-07-24,40-49,9822,46,101126,16.21,1.71,14.9
2020-07-24,50-59,9233,138,108042,15.24,5.14,15.92
2020-07-24,60-69,6987,428,94564,11.53,15.93,13.93
2020-07-24,70-79,4407,655,59145,7.27,24.38,8.71
2020-07-24,80+,4589,1390,37275,7.57,51.73,5.49
2020-07-24,Unknown,36,0,3300,0.06,0,0.49
2020-07-25,0-19,5310,2,63183,8.63,0.07,9.15
2020-07-25,20-29,10978,9,110438,17.84,0.33,16
2020-07-25,30-39,9719,19,107649,15.8,0.7,15.6
2020-07-25,40-49,9972,46,102701,16.21,1.7,14.88
2020-07-25,50-59,9363,138,109620,15.22,5.11,15.88
2020-07-25,60-69,7074,432,95872,11.5,16.01,13.89
2020-07-25,70-79,4452,660,59863,7.24,24.46,8.67
2020-07-25,80+,4616,1392,37650,7.5,51.59,5.45
2020-07-25,Unknown,36,0,3298,0.06,0,0.48
2020-07-26,0-19,5433,2,64803,8.71,0.07,9.24
2020-07-26,20-29,11186,9,112730,17.93,0.33,16.07
2020-07-26,30-39,9867,19,109497,15.82,0.7,15.61
2020-07-26,40-49,10086,46,104214,16.17,1.7,14.86
2020-07-26,50-59,9476,139,111139,15.19,5.14,15.85
2020-07-26,60-69,7140,432,97078,11.45,15.96,13.84
2020-07-26,70-79,4500,664,60562,7.21,24.54,8.64
2020-07-26,80+,4647,1395,37987,7.45,51.55,5.42
2020-07-26,Unknown,37,0,3301,0.06,0,0.47
2020-07-27,0-19,5530,2,65828,8.79,0.07,9.3
2020-07-27,20-29,11288,9,113863,17.94,0.33,16.09
2020-07-27,30-39,9942,19,110487,15.8,0.7,15.61
2020-07-27,40-49,10182,46,105124,16.19,1.7,14.85
2020-07-27,50-59,9545,139,112038,15.17,5.13,15.83
2020-07-27,60-69,7192,433,97874,11.43,15.98,13.83
2020-07-27,70-79,4524,664,61075,7.19,24.51,8.63
2020-07-27,80+,4667,1397,38208,7.42,51.57,5.4
2020-07-27,Unknown,37,0,3294,0.06,0,0.47
2020-07-28,0-19,5679,2,67153,8.92,0.07,9.37
2020-07-28,20-29,11436,9,115721,17.96,0.33,16.14
2020-07-28,30-39,10054,19,111985,15.79,0.7,15.62
2020-07-28,40-49,10292,46,106360,16.16,1.69,14.84
2020-07-28,50-59,9654,139,113232,15.16,5.1,15.8
2020-07-28,60-69,7268,435,98896,11.41,15.96,13.8
2020-07-28,70-79,4573,669,61691,7.18,24.55,8.61
2020-07-28,80+,4686,1406,38476,7.36,51.6,5.37
2020-07-28,Unknown,36,0,3295,0.06,0,0.46
2020-07-29,0-19,5771,2,68132,8.98,0.07,9.41
2020-07-29,20-29,11568,8,117070,17.99,0.29,16.16
2020-07-29,30-39,10156,20,113117,15.79,0.73,15.62
2020-07-29,40-49,10387,46,107384,16.15,1.68,14.83
2020-07-29,50-59,9730,139,114299,15.13,5.09,15.78
2020-07-29,60-69,7329,438,99913,11.4,16.03,13.8
2020-07-29,70-79,4608,670,62235,7.17,24.52,8.59
2020-07-29,80+,4713,1406,38790,7.33,51.45,5.36
2020-07-29,Unknown,37,4,3298,0.06,0.15,0.46
2020-07-30,0-19,5903,2,69991,9.05,0.07,9.51
2020-07-30,20-29,11757,8,119292,18.02,0.29,16.21
2020-07-30,30-39,10321,20,114958,15.82,0.73,15.62
2020-07-30,40-49,10544,46,109059,16.16,1.68,14.82
2020-07-30,50-59,9856,139,115825,15.1,5.06,15.74
2020-07-30,60-69,7415,441,101244,11.36,16.06,13.76
2020-07-30,70-79,4670,676,63037,7.16,24.62,8.57
2020-07-30,80+,4750,1410,39143,7.28,51.35,5.32
2020-07-30,Unknown,37,4,3299,0.06,0.15,0.45
2020-07-31,0-19,6031,2,71833,9.12,0.07,9.61
2020-07-31,20-29,11951,9,121689,18.07,0.33,16.28
2020-07-31,30-39,10454,20,116812,15.8,0.72,15.63
2020-07-31,40-49,10671,46,110608,16.13,1.66,14.8
2020-07-31,50-59,9990,139,117386,15.1,5.03,15.71
2020-07-31,60-69,7505,442,102497,11.34,15.99,13.71
2020-07-31,70-79,4723,680,63794,7.14,24.59,8.54
2020-07-31,80+,4792,1423,39465,7.24,51.46,5.28
2020-07-31,Unknown,37,4,3299,0.06,0.14,0.44
2020-08-01,0-19,6179,2,73531,9.21,0.07,9.69
2020-08-01,20-29,12138,9,124495,18.08,0.32,16.41
2020-08-01,30-39,10606,20,118686,15.8,0.72,15.65
2020-08-01,40-49,10836,46,112057,16.14,1.66,14.77
2020-08-01,50-59,10117,141,118777,15.07,5.09,15.66
2020-08-01,60-69,7593,443,103566,11.31,15.99,13.65
2020-08-01,70-79,4782,682,64425,7.12,24.61,8.49
2020-08-01,80+,4834,1424,39767,7.2,51.39,5.24
2020-08-01,Unknown,37,4,3302,0.06,0.14,0.44
2020-08-02,0-19,6293,2,75118,9.27,0.07,9.77
2020-08-02,20-29,12303,9,126759,18.13,0.32,16.48
2020-08-02,30-39,10732,20,120256,15.82,0.72,15.64
2020-08-02,40-49,10939,46,113456,16.12,1.66,14.75
2020-08-02,50-59,10202,141,120035,15.03,5.08,15.61
2020-08-02,60-69,7667,444,104547,11.3,16,13.59
2020-08-02,70-79,4817,682,64965,7.1,24.58,8.45
2020-08-02,80+,4867,1427,40086,7.17,51.42,5.21
2020-08-02,Unknown,37,4,3821,0.05,0.14,0.5
2020-08-03,0-19,6380,2,75968,9.32,0.07,9.8
2020-08-03,20-29,12415,9,128204,18.14,0.32,16.53
2020-08-03,30-39,10816,20,121233,15.81,0.72,15.63
2020-08-03,40-49,11017,46,114259,16.1,1.65,14.73
2020-08-03,50-59,10281,141,120932,15.02,5.07,15.59
2020-08-03,60-69,7740,444,105317,11.31,15.97,13.58
2020-08-03,70-79,4854,685,65428,7.09,24.64,8.44
2020-08-03,80+,4893,1429,40317,7.15,51.4,5.2
2020-08-03,Unknown,37,4,3824,0.05,0.14,0.49
2020-08-04,0-19,6530,2,77509,9.43,0.07,9.87
2020-08-04,20-29,12579,9,130290,18.16,0.32,16.6
2020-08-04,30-39,10939,20,122740,15.8,0.72,15.64
2020-08-04,40-49,11127,46,115513,16.07,1.65,14.71
2020-08-04,50-59,10405,143,122156,15.02,5.12,15.56
2020-08-04,60-69,7809,445,106382,11.28,15.93,13.55
2020-08-04,70-79,4912,689,66000,7.09,24.66,8.41
2020-08-04,80+,4917,1436,40601,7.1,51.4,5.17
2020-08-04,Unknown,37,4,3827,0.05,0.14,0.49
2020-08-05,0-19,6639,2,78548,9.49,0.07,9.91
2020-08-05,20-29,12717,9,131606,18.17,0.32,16.61
2020-08-05,30-39,11050,20,123845,15.79,0.71,15.63
2020-08-05,40-49,11237,47,116516,16.06,1.68,14.71
2020-08-05,50-59,10486,143,123091,14.99,5.1,15.54
2020-08-05,60-69,7872,445,107297,11.25,15.86,13.54
2020-08-05,70-79,4956,692,66569,7.08,24.67,8.4
2020-08-05,80+,4981,1443,40916,7.12,51.44,5.16
2020-08-05,Unknown,37,4,3837,0.05,0.14,0.48
2020-08-06,0-19,6779,2,80591,9.55,0.07,10.02
2020-08-06,20-29,12914,9,134094,18.18,0.32,16.67
2020-08-06,30-39,11197,20,125658,15.77,0.71,15.62
2020-08-06,40-49,11424,48,118122,16.09,1.71,14.69
2020-08-06,50-59,10616,145,124690,14.95,5.16,15.5
2020-08-06,60-69,8012,445,108651,11.28,15.83,13.51
2020-08-06,70-79,5020,694,67415,7.07,24.69,8.38
2020-08-06,80+,5015,1444,41272,7.06,51.37,5.13
2020-08-06,Unknown,38,4,3852,0.05,0.14,0.48
2020-08-07,0-19,6966,2,82868,9.64,0.07,10.14
2020-08-07,20-29,13175,9,136663,18.23,0.32,16.73
2020-08-07,30-39,11404,20,127719,15.78,0.71,15.63
2020-08-07,40-49,11588,48,119769,16.04,1.7,14.66
2020-08-07,50-59,10788,145,126341,14.93,5.14,15.46
2020-08-07,60-69,8136,447,110032,11.26,15.85,13.47
2020-08-07,70-79,5098,696,68200,7.06,24.67,8.35
2020-08-07,80+,5060,1450,41641,7,51.4,5.1
2020-08-07,Unknown,39,4,3871,0.05,0.14,0.47
2020-08-08,0-19,7134,2,84952,9.73,0.07,10.25
2020-08-08,20-29,13393,9,139109,18.27,0.32,16.79
2020-08-08,30-39,11565,20,129522,15.78,0.71,15.63
2020-08-08,40-49,11738,49,121250,16.02,1.73,14.64
2020-08-08,50-59,10925,145,127687,14.91,5.12,15.41
2020-08-08,60-69,8231,448,111201,11.23,15.81,13.42
2020-08-08,70-79,5158,701,68869,7.04,24.74,8.31
2020-08-08,80+,5104,1456,41997,6.96,51.38,5.07
2020-08-08,Unknown,39,4,3879,0.05,0.14,0.47
2020-08-09,0-19,7287,2,87330,9.8,0.07,10.38
2020-08-09,20-29,13614,9,141510,18.32,0.32,16.82
2020-08-09,30-39,11716,20,131455,15.76,0.71,15.63
2020-08-09,40-49,11891,49,122880,16,1.73,14.61
2020-08-09,50-59,11080,145,129355,14.91,5.11,15.38
2020-08-09,60-69,8340,448,112595,11.22,15.8,13.39
2020-08-09,70-79,5219,701,69701,7.02,24.73,8.29
2020-08-09,80+,5142,1457,42426,6.92,51.39,5.04
2020-08-09,Unknown,39,4,3873,0.05,0.14,0.46
2020-08-10,0-19,7393,2,89255,9.86,0.07,10.47
2020-08-10,20-29,13759,9,143304,18.35,0.32,16.82
2020-08-10,30-39,11810,20,132913,15.75,0.7,15.6
2020-08-10,40-49,11978,49,124179,15.97,1.73,14.57
2020-08-10,50-59,11175,145,130795,14.9,5.11,15.35
2020-08-10,60-69,8413,448,113976,11.22,15.79,13.38
2020-08-10,70-79,5260,702,70700,7.01,24.74,8.3
2020-08-10,80+,5166,1459,43115,6.89,51.41,5.06
2020-08-10,Unknown,38,4,3874,0.05,0.14,0.45
2020-08-11,0-19,7527,2,91270,9.92,0.07,10.59
2020-08-11,20-29,13936,9,145335,18.37,0.31,16.87
2020-08-11,30-39,11941,20,134359,15.74,0.7,15.59
2020-08-11,40-49,12105,49,125316,15.96,1.71,14.54
2020-08-11,50-59,11294,146,131963,14.89,5.1,15.32
2020-08-11,60-69,8517,453,114932,11.23,15.82,13.34
2020-08-11,70-79,5315,712,71242,7.01,24.87,8.27
2020-08-11,80+,5189,1468,43361,6.84,51.27,5.03
2020-08-11,Unknown,38,4,3877,0.05,0.14,0.45
2020-08-12,0-19,7640,2,92294,9.98,0.07,10.65
2020-08-12,20-29,14074,9,146344,18.39,0.31,16.88
2020-08-12,30-39,12031,20,135071,15.72,0.69,15.58
2020-08-12,40-49,12194,49,125977,15.94,1.7,14.53
2020-08-12,50-59,11383,149,132617,14.88,5.18,15.3
2020-08-12,60-69,8586,455,115536,11.22,15.81,13.33
2020-08-12,70-79,5364,715,71672,7.01,24.84,8.27
2020-08-12,80+,5212,1475,43596,6.81,51.25,5.03
2020-08-12,Unknown,38,4,3887,0.05,0.14,0.45
2020-08-13,0-19,7841,2,95081,10.11,0.07,10.83
2020-08-13,20-29,14280,9,148359,18.41,0.31,16.9
2020-08-13,30-39,12171,20,136505,15.69,0.69,15.55
2020-08-13,40-49,12330,49,127232,15.9,1.69,14.49
2020-08-13,50-59,11516,149,133933,14.85,5.14,15.25
2020-08-13,60-69,8695,457,116591,11.21,15.77,13.28
2020-08-13,70-79,5439,721,72391,7.01,24.88,8.25
2020-08-13,80+,5255,1487,43955,6.77,51.31,5.01
2020-08-13,Unknown,38,4,3923,0.05,0.14,0.45
2020-08-14,0-19,8020,2,97556,10.2,0.07,11
2020-08-14,20-29,14500,9,150020,18.44,0.31,16.92
2020-08-14,30-39,12339,20,137759,15.69,0.69,15.54
2020-08-14,40-49,12485,49,128362,15.88,1.69,14.48
2020-08-14,50-59,11662,149,134970,14.83,5.13,15.23
2020-08-14,60-69,8796,457,117371,11.19,15.73,13.24
2020-08-14,70-79,5504,723,72862,7,24.88,8.22
2020-08-14,80+,5288,1493,44120,6.72,51.38,4.98
2020-08-14,Unknown,38,4,3469,0.05,0.14,0.39
2020-08-15,0-19,8189,2,100594,10.28,0.07,11.21
2020-08-15,20-29,14716,9,152209,18.47,0.31,16.96
2020-08-15,30-39,12511,20,139235,15.7,0.68,15.51
2020-08-15,40-49,12627,50,129649,15.85,1.71,14.44
2020-08-15,50-59,11780,152,136161,14.78,5.2,15.17
2020-08-15,60-69,8895,457,118379,11.16,15.65,13.19
2020-08-15,70-79,5590,726,73468,7.02,24.85,8.18
2020-08-15,80+,5330,1501,44519,6.69,51.39,4.96
2020-08-15,Unknown,38,4,3401,0.05,0.14,0.38
2020-08-16,0-19,8319,2,103014,10.35,0.07,11.36
2020-08-16,20-29,14866,9,153909,18.49,0.31,16.97
2020-08-16,30-39,12632,20,140423,15.71,0.68,15.48
2020-08-16,40-49,12724,50,130741,15.82,1.71,14.42
2020-08-16,50-59,11872,152,137216,14.76,5.2,15.13
2020-08-16,60-69,8976,458,119277,11.16,15.66,13.15
2020-08-16,70-79,5626,727,74031,7,24.86,8.16
2020-08-16,80+,5362,1502,44825,6.67,51.37,4.94
2020-08-16,Unknown,38,4,3415,0.05,0.14,0.38
2020-08-17,0-19,8431,2,104863,10.41,0.07,11.47
2020-08-17,20-29,14985,9,155300,18.5,0.31,16.98
2020-08-17,30-39,12703,20,141384,15.68,0.68,15.46
2020-08-17,40-49,12803,50,131608,15.81,1.71,14.39
2020-08-17,50-59,11964,153,138135,14.77,5.23,15.1
2020-08-17,60-69,9033,458,120117,11.15,15.65,13.13
2020-08-17,70-79,5666,729,74571,6.99,24.91,8.15
2020-08-17,80+,5383,1505,45216,6.65,51.44,4.94
2020-08-17,Unknown,38,0,3439,0.05,0,0.38
2020-08-18,0-19,8586,2,107930,10.49,0.07,11.62
2020-08-18,20-29,15161,9,158150,18.52,0.3,17.03
2020-08-18,30-39,12833,21,143327,15.68,0.71,15.43
2020-08-18,40-49,12926,50,133230,15.79,1.69,14.35
2020-08-18,50-59,12078,154,139646,14.76,5.21,15.04
2020-08-18,60-69,9115,463,121392,11.14,15.67,13.07
2020-08-18,70-79,5712,736,75352,6.98,24.92,8.11
2020-08-18,80+,5398,1519,45632,6.6,51.42,4.91
2020-08-18,Unknown,38,0,3955,0.05,0,0.43
2020-08-19,0-19,8662,2,109274,10.52,0.07,11.7
2020-08-19,20-29,15273,9,159131,18.55,0.3,17.04
2020-08-19,30-39,12893,21,144006,15.66,0.71,15.42
2020-08-19,40-49,13000,50,133865,15.79,1.68,14.33
2020-08-19,50-59,12149,154,140283,14.76,5.19,15.02
2020-08-19,60-69,9158,464,121966,11.12,15.63,13.06
2020-08-19,70-79,5745,743,75689,6.98,25.03,8.1
2020-08-19,80+,5418,1525,45858,6.58,51.38,4.91
2020-08-19,Unknown,38,0,3961,0.05,0,0.42
2020-08-20,0-19,8827,2,111970,10.6,0.07,11.84
2020-08-20,20-29,15454,9,161352,18.56,0.3,17.07
2020-08-20,30-39,13016,21,145614,15.63,0.7,15.4
2020-08-20,40-49,13135,50,135231,15.77,1.68,14.3
2020-08-20,50-59,12304,154,141677,14.77,5.17,14.98
2020-08-20,60-69,9238,467,123064,11.09,15.68,13.02
2020-08-20,70-79,5802,748,76307,6.97,25.11,8.07
2020-08-20,80+,5461,1528,46282,6.56,51.29,4.9
2020-08-20,Unknown,39,0,3974,0.05,0,0.42
2020-08-21,0-19,9020,2,115814,10.7,0.07,12.08
2020-08-21,20-29,15678,9,163567,18.59,0.3,17.07
2020-08-21,30-39,13157,21,147338,15.6,0.7,15.37
2020-08-21,40-49,13269,51,136767,15.74,1.7,14.27
2020-08-21,50-59,12448,154,143221,14.76,5.15,14.94
2020-08-21,60-69,9351,472,124142,11.09,15.78,12.95
2020-08-21,70-79,5849,750,76926,6.94,25.07,8.03
2020-08-21,80+,5505,1533,46619,6.53,51.24,4.86
2020-08-21,Unknown,40,0,4038,0.05,0,0.42
2020-08-22,0-19,9227,2,118850,10.81,0.07,12.26
2020-08-22,20-29,15912,9,165732,18.65,0.3,17.09
2020-08-22,30-39,13268,21,148905,15.55,0.7,15.36
2020-08-22,40-49,13401,51,138006,15.71,1.7,14.23
2020-08-22,50-59,12576,155,144430,14.74,5.16,14.9
2020-08-22,60-69,9441,476,125124,11.07,15.86,12.9
2020-08-22,70-79,5913,751,77542,6.93,25.02,8
2020-08-22,80+,5539,1536,47004,6.49,51.18,4.85
2020-08-22,Unknown,40,0,4053,0.05,0,0.42
2020-08-23,0-19,9343,2,120985,10.87,0.07,12.37
2020-08-23,20-29,16068,9,167150,18.7,0.3,17.09
2020-08-23,30-39,13345,21,150084,15.53,0.7,15.35
2020-08-23,40-49,13488,51,138982,15.7,1.7,14.21
2020-08-23,50-59,12641,155,145369,14.71,5.16,14.87
2020-08-23,60-69,9510,476,125936,11.07,15.85,12.88
2020-08-23,70-79,5939,752,77991,6.91,25.04,7.98
2020-08-23,80+,5558,1537,47248,6.47,51.18,4.83
2020-08-23,Unknown,40,0,4057,0.05,0,0.41
2020-08-24,0-19,9723,2,130616,11.1,0.07,13.04
2020-08-24,20-29,16598,9,173130,18.95,0.3,17.28
2020-08-24,30-39,13522,21,152003,15.44,0.7,15.17
2020-08-24,40-49,13659,52,140571,15.59,1.73,14.03
2020-08-24,50-59,12816,155,147077,14.63,5.15,14.68
2020-08-24,60-69,9625,477,127515,10.99,15.86,12.73
2020-08-24,70-79,6008,752,79050,6.86,25,7.89
2020-08-24,80+,5600,1540,47861,6.39,51.2,4.78
2020-08-24,Unknown,41,0,4215,0.05,0,0.42
2020-08-25,0-19,9895,2,132938,11.19,0.07,13.15
2020-08-25,20-29,16838,9,175017,19.04,0.3,17.31
2020-08-25,30-39,13615,21,153163,15.4,0.69,15.15
2020-08-25,40-49,13747,53,141552,15.55,1.75,14
2020-08-25,50-59,12906,157,148042,14.6,5.19,14.64
2020-08-25,60-69,9696,481,128346,10.97,15.91,12.7
2020-08-25,70-79,6044,755,79536,6.84,24.98,7.87
2020-08-25,80+,5638,1545,48130,6.38,51.11,4.76
2020-08-25,Unknown,42,0,4257,0.05,0,0.42
2020-08-26,0-19,10074,2,135956,11.27,0.07,13.3
2020-08-26,20-29,17107,9,177487,19.14,0.3,17.36
2020-08-26,30-39,13719,21,154578,15.35,0.69,15.12
2020-08-26,40-49,13856,53,142793,15.51,1.74,13.96
2020-08-26,50-59,13006,160,149364,14.55,5.26,14.61
2020-08-26,60-69,9775,484,129374,10.94,15.92,12.65
2020-08-26,70-79,6098,759,80209,6.82,24.96,7.84
2020-08-26,80+,5667,1553,48458,6.34,51.07,4.74
2020-08-26,Unknown,57,0,4318,0.06,0,0.42
2020-08-27,0-19,10250,2,139223,11.33,0.07,13.45
2020-08-27,20-29,17394,9,179902,19.22,0.3,17.39
2020-08-27,30-39,13871,21,156220,15.33,0.69,15.1
2020-08-27,40-49,14028,53,144181,15.5,1.74,13.93
2020-08-27,50-59,13145,161,150708,14.52,5.28,14.56
2020-08-27,60-69,9891,484,130506,10.93,15.88,12.61
2020-08-27,70-79,6158,762,80852,6.8,25.01,7.81
2020-08-27,80+,5704,1555,48812,6.3,51.03,4.72
2020-08-27,Unknown,63,0,4342,0.07,0,0.42
2020-08-28,0-19,10399,2,141903,11.39,0.07,13.59
2020-08-28,20-29,17610,9,181565,19.29,0.29,17.39
2020-08-28,30-39,13982,22,157390,15.31,0.72,15.07
2020-08-28,40-49,14110,53,145220,15.45,1.73,13.91
2020-08-28,50-59,13246,162,151760,14.51,5.3,14.54
2020-08-28,60-69,9956,485,131365,10.9,15.86,12.58
2020-08-28,70-79,6211,767,81357,6.8,25.08,7.79
2020-08-28,80+,5736,1558,49139,6.28,50.95,4.71
2020-08-28,Unknown,63,0,4350,0.07,0,0.42
2020-08-29,0-19,10616,2,144945,11.48,0.07,13.73
2020-08-29,20-29,17941,9,183341,19.41,0.29,17.37
2020-08-29,30-39,14106,22,158682,15.26,0.72,15.03
2020-08-29,40-49,14241,53,146180,15.41,1.73,13.85
2020-08-29,50-59,13382,162,152675,14.48,5.28,14.46
2020-08-29,60-69,10058,485,132108,10.88,15.82,12.51
2020-08-29,70-79,6253,769,81774,6.76,25.08,7.75
2020-08-29,80+,5774,1564,49265,6.25,51.01,4.67
2020-08-29,Unknown,63,0,6823,0.07,0,0.65
2020-08-30,0-19,10822,2,147849,11.6,0.07,13.88
2020-08-30,20-29,18230,9,185282,19.54,0.29,17.39
2020-08-30,30-39,14191,22,159889,15.21,0.72,15.01
2020-08-30,40-49,14334,53,147210,15.36,1.73,13.82
2020-08-30,50-59,13462,163,153637,14.43,5.31,14.42
2020-08-30,60-69,10124,485,132897,10.85,15.79,12.47
2020-08-30,70-79,6297,771,82245,6.75,25.1,7.72
2020-08-30,80+,5787,1567,49507,6.2,51.01,4.65
2020-08-30,Unknown,66,0,6840,0.07,0,0.64
2020-08-31,0-19,11001,2,150940,11.68,0.06,14.02
2020-08-31,20-29,18485,9,187474,19.62,0.29,17.41
2020-08-31,30-39,14292,22,161323,15.17,0.71,14.98
2020-08-31,40-49,14445,53,148508,15.34,1.72,13.79
2020-08-31,50-59,13560,163,154995,14.4,5.3,14.39
2020-08-31,60-69,10207,486,134051,10.84,15.79,12.45
2020-08-31,70-79,6331,771,82952,6.72,25.06,7.7
2020-08-31,80+,5808,1571,49873,6.17,51.06,4.63
2020-08-31,Unknown,67,0,6831,0.07,0,0.63
2020-09-01,0-19,11120,2,152732,11.72,0.06,14.09
2020-09-01,20-29,18653,9,188850,19.66,0.29,17.43
2020-09-01,30-39,14403,22,162202,15.18,0.71,14.97
2020-09-01,40-49,14527,55,149274,15.31,1.78,13.77
2020-09-01,50-59,13646,163,155718,14.38,5.27,14.37
2020-09-01,60-69,10270,490,134694,10.82,15.84,12.43
2020-09-01,70-79,6371,775,83341,6.71,25.06,7.69
2020-09-01,80+,5833,1577,50080,6.15,50.99,4.62
2020-09-01,Unknown,68,0,6874,0.07,0,0.63
2020-09-02,0-19,11313,2,155706,11.82,0.06,14.25
2020-09-02,20-29,18903,9,191328,19.74,0.29,17.51
2020-09-02,30-39,14495,22,163560,15.14,0.71,14.97
2020-09-02,40-49,14635,57,150535,15.28,1.84,13.78
2020-09-02,50-59,13736,163,156884,14.35,5.25,14.36
2020-09-02,60-69,10327,494,135699,10.79,15.9,12.42
2020-09-02,70-79,6408,778,83952,6.69,25.05,7.68
2020-09-02,80+,5865,1581,50539,6.13,50.9,4.63
2020-09-02,Unknown,68,0,4393,0.07,0,0.4
2020-09-03,0-19,11539,2,158851,11.91,0.06,14.4
2020-09-03,20-29,19172,9,193268,19.79,0.29,17.52
2020-09-03,30-39,14605,22,164830,15.08,0.71,14.94
2020-09-03,40-49,14789,57,151621,15.27,1.83,13.75
2020-09-03,50-59,13873,163,158003,14.32,5.24,14.32
2020-09-03,60-69,10426,494,136582,10.76,15.88,12.38
2020-09-03,70-79,6471,779,84561,6.68,25.05,7.67
2020-09-03,80+,5908,1584,50927,6.1,50.93,4.62
2020-09-03,Unknown,71,0,4395,0.07,0,0.4
2020-09-04,0-19,11768,2,162755,12.02,0.06,14.57
2020-09-04,20-29,19473,10,196287,19.89,0.32,17.57
2020-09-04,30-39,14705,22,166503,15.02,0.7,14.9
2020-09-04,40-49,14889,57,153076,15.21,1.82,13.7
2020-09-04,50-59,14000,163,159442,14.3,5.21,14.27
2020-09-04,60-69,10510,496,137906,10.74,15.86,12.34
2020-09-04,70-79,6517,784,85500,6.66,25.07,7.65
2020-09-04,80+,5946,1593,51562,6.07,50.94,4.61
2020-09-04,Unknown,76,0,4396,0.08,0,0.39
2020-09-05,0-19,12013,2,166152,12.14,0.06,14.72
2020-09-05,20-29,19783,10,199134,19.99,0.32,17.64
2020-09-05,30-39,14824,22,168096,14.98,0.7,14.89
2020-09-05,40-49,15046,57,154322,15.2,1.82,13.67
2020-09-05,50-59,14103,163,160525,14.25,5.19,14.22
2020-09-05,60-69,10584,497,138727,10.7,15.84,12.29
2020-09-05,70-79,6554,786,85910,6.62,25.05,7.61
2020-09-05,80+,5978,1601,51816,6.04,51.02,4.59
2020-09-05,Unknown,76,0,4396,0.08,0,0.39
2020-09-06,0-19,12168,2,168898,12.19,0.06,14.83
2020-09-06,20-29,20030,10,201099,20.07,0.32,17.66
2020-09-06,30-39,14913,22,169404,14.94,0.7,14.87
2020-09-06,40-49,15162,57,155463,15.19,1.82,13.65
2020-09-06,50-59,14188,163,161526,14.22,5.19,14.18
2020-09-06,60-69,10656,497,139540,10.68,15.83,12.25
2020-09-06,70-79,6596,787,86407,6.61,25.06,7.59
2020-09-06,80+,6014,1602,52123,6.03,51.02,4.58
2020-09-06,Unknown,77,0,4408,0.08,0,0.39
2020-09-07,0-19,12312,2,170895,12.26,0.06,14.9
2020-09-07,20-29,20180,10,202581,20.1,0.32,17.67
2020-09-07,30-39,14985,22,170409,14.93,0.7,14.86
2020-09-07,40-49,15232,57,156307,15.17,1.81,13.63
2020-09-07,50-59,14241,163,162405,14.19,5.18,14.16
2020-09-07,60-69,10708,497,140234,10.67,15.81,12.23
2020-09-07,70-79,6623,787,86843,6.6,25.03,7.57
2020-09-07,80+,6033,1606,52478,6.01,51.08,4.58
2020-09-07,Unknown,80,0,4420,0.08,0,0.39
2020-09-08,0-19,12371,2,171925,12.28,0.06,14.94
2020-09-08,20-29,20294,10,203338,20.14,0.32,17.67
2020-09-08,30-39,15032,22,170942,14.92,0.7,14.85
2020-09-08,40-49,15277,57,156795,15.16,1.81,13.62
2020-09-08,50-59,14284,163,162917,14.17,5.16,14.16
2020-09-08,60-69,10746,498,140703,10.66,15.78,12.23
2020-09-08,70-79,6652,789,87127,6.6,25,7.57
2020-09-08,80+,6042,1615,52692,6,51.17,4.58
2020-09-08,Unknown,82,0,4424,0.08,0,0.38
2020-09-09,0-19,12505,2,173652,12.32,0.06,15
2020-09-09,20-29,20449,10,204855,20.15,0.32,17.69
2020-09-09,30-39,15124,22,171799,14.9,0.69,14.84
2020-09-09,40-49,15388,57,157572,15.16,1.8,13.61
2020-09-09,50-59,14368,165,163721,14.16,5.2,14.14
2020-09-09,60-69,10815,503,141385,10.66,15.85,12.21
2020-09-09,70-79,6678,793,87565,6.58,24.99,7.56
2020-09-09,80+,6076,1621,53075,5.99,51.09,4.58
2020-09-09,Unknown,82,0,4394,0.08,0,0.38
2020-09-10,0-19,12645,2,175181,12.37,0.06,15.05
2020-09-10,20-29,20648,10,206114,20.2,0.31,17.71
2020-09-10,30-39,15219,23,172488,14.89,0.72,14.82
2020-09-10,40-49,15476,57,158171,15.14,1.79,13.59
2020-09-10,50-59,14466,166,164415,14.15,5.21,14.12
2020-09-10,60-69,10885,506,142040,10.65,15.88,12.2
2020-09-10,70-79,6719,798,87957,6.57,25.05,7.56
2020-09-10,80+,6103,1624,53382,5.97,50.97,4.59
2020-09-10,Unknown,82,0,4393,0.08,0,0.38
2020-09-11,0-19,12950,2,180196,12.51,0.06,15.23
2020-09-11,20-29,21032,10,213475,20.32,0.31,18.04
2020-09-11,30-39,15338,23,174458,14.82,0.72,14.75
2020-09-11,40-49,15609,57,159499,15.08,1.78,13.48
2020-09-11,50-59,14602,166,165710,14.11,5.19,14.01
2020-09-11,60-69,10977,506,143098,10.61,15.83,12.1
2020-09-11,70-79,6772,803,88465,6.54,25.13,7.48
2020-09-11,80+,6140,1629,53783,5.93,50.97,4.55
2020-09-11,Unknown,85,0,4420,0.08,0,0.37
2020-09-12,0-19,13167,2,186214,12.59,0.06,15.43
2020-09-12,20-29,21316,10,223454,20.39,0.31,18.51
2020-09-12,30-39,15463,23,176881,14.79,0.72,14.65
2020-09-12,40-49,15738,57,160997,15.05,1.77,13.34
2020-09-12,50-59,14716,167,167155,14.07,5.2,13.85
2020-09-12,60-69,11055,508,144256,10.57,15.81,11.95
2020-09-12,70-79,6821,808,89200,6.52,25.15,7.39
2020-09-12,80+,6199,1638,54399,5.93,50.98,4.51
2020-09-12,Unknown,86,0,4424,0.08,0,0.37
2020-09-13,0-19,13418,2,195088,12.68,0.06,15.75
2020-09-13,20-29,21624,10,236649,20.44,0.31,19.1
2020-09-13,30-39,15628,23,179803,14.77,0.72,14.51
2020-09-13,40-49,15940,57,163011,15.07,1.77,13.16
2020-09-13,50-59,14851,167,168966,14.04,5.2,13.64
2020-09-13,60-69,11148,508,145758,10.54,15.81,11.76
2020-09-13,70-79,6876,809,90154,6.5,25.17,7.28
2020-09-13,80+,6231,1638,55121,5.89,50.96,4.45
2020-09-13,Unknown,88,0,4434,0.08,0,0.36
2020-09-14,0-19,13544,2,196757,12.71,0.06,15.77
2020-09-14,20-29,21794,10,238174,20.46,0.31,19.1
2020-09-14,30-39,15706,23,180992,14.74,0.72,14.51
2020-09-14,40-49,16039,57,163959,15.05,1.77,13.15
2020-09-14,50-59,14941,167,169984,14.02,5.19,13.63
2020-09-14,60-69,11224,508,146700,10.54,15.8,11.76
2020-09-14,70-79,6924,809,90722,6.5,25.16,7.27
2020-09-14,80+,6279,1639,55569,5.89,50.98,4.46
2020-09-14,Unknown,89,0,4436,0.08,0,0.36
2020-09-15,0-19,13690,2,198328,12.77,0.06,15.81
2020-09-15,20-29,22013,10,239949,20.53,0.31,19.12
2020-09-15,30-39,15772,23,181880,14.71,0.71,14.5
2020-09-15,40-49,16116,58,164733,15.03,1.79,13.13
2020-09-15,50-59,15006,167,170812,13.99,5.16,13.61
2020-09-15,60-69,11276,511,147451,10.52,15.8,11.75
2020-09-15,70-79,6958,814,91192,6.49,25.16,7.27
2020-09-15,80+,6308,1650,55938,5.88,51,4.46
2020-09-15,Unknown,90,0,4448,0.08,0,0.35
2020-09-16,0-19,13783,2,200051,12.78,0.06,15.85
2020-09-16,20-29,22140,10,241375,20.54,0.31,19.13
2020-09-16,30-39,15853,23,182763,14.7,0.71,14.48
2020-09-16,40-49,16195,59,165438,15.02,1.82,13.11
2020-09-16,50-59,15071,168,171562,13.98,5.17,13.6
2020-09-16,60-69,11340,513,148126,10.52,15.8,11.74
2020-09-16,70-79,6992,817,91659,6.49,25.16,7.26
2020-09-16,80+,6341,1655,56458,5.88,50.97,4.47
2020-09-16,Unknown,94,0,4460,0.09,0,0.35
2020-09-17,0-19,13940,2,202055,12.83,0.06,15.91
2020-09-17,20-29,22329,10,242777,20.55,0.31,19.12
2020-09-17,30-39,15971,23,183768,14.7,0.71,14.47
2020-09-17,40-49,16304,59,166284,15.01,1.81,13.1
2020-09-17,50-59,15161,168,172505,13.95,5.16,13.59
2020-09-17,60-69,11420,515,148911,10.51,15.83,11.73
2020-09-17,70-79,7055,820,92189,6.49,25.21,7.26
2020-09-17,80+,6371,1656,56777,5.86,50.91,4.47
2020-09-17,Unknown,95,0,4384,0.09,0,0.35
2020-09-18,0-19,14069,2,204822,12.83,0.06,15.98
2020-09-18,20-29,22635,10,245094,20.64,0.31,19.13
2020-09-18,30-39,16144,24,185553,14.72,0.73,14.48
2020-09-18,40-49,16422,59,167645,14.97,1.8,13.08
2020-09-18,50-59,15280,171,173769,13.93,5.23,13.56
2020-09-18,60-69,11518,516,149904,10.5,15.78,11.7
2020-09-18,70-79,7107,824,92848,6.48,25.2,7.25
2020-09-18,80+,6413,1664,57325,5.85,50.89,4.47
2020-09-18,Unknown,95,0,4478,0.09,0,0.35
2020-09-19,0-19,14272,2,207627,12.89,0.06,16.06
2020-09-19,20-29,22875,10,247340,20.65,0.31,19.13
2020-09-19,30-39,16272,24,187078,14.69,0.73,14.47
2020-09-19,40-49,16563,60,168925,14.95,1.83,13.07
2020-09-19,50-59,15412,171,175059,13.91,5.22,13.54
2020-09-19,60-69,11619,516,150854,10.49,15.74,11.67
2020-09-19,70-79,7174,825,93438,6.48,25.17,7.23
2020-09-19,80+,6476,1668,57732,5.85,50.88,4.47
2020-09-19,Unknown,96,2,4562,0.09,0.06,0.35
2020-09-20,0-19,14381,2,209440,12.9,0.06,16.09
2020-09-20,20-29,23067,10,249022,20.69,0.3,19.13
2020-09-20,30-39,16371,24,188364,14.68,0.73,14.47
2020-09-20,40-49,16654,60,170019,14.94,1.83,13.06
2020-09-20,50-59,15499,172,176125,13.9,5.24,13.53
2020-09-20,60-69,11702,516,151897,10.49,15.73,11.67
2020-09-20,70-79,7225,826,94142,6.48,25.18,7.23
2020-09-20,80+,6510,1671,58300,5.84,50.93,4.48
2020-09-20,Unknown,96,0,4631,0.09,0,0.36
2020-09-21,0-19,14475,2,210768,12.92,0.06,16.11
2020-09-21,20-29,23180,11,250064,20.69,0.33,19.11
2020-09-21,30-39,16441,24,189265,14.68,0.73,14.46
2020-09-21,40-49,16724,60,170822,14.93,1.83,13.05
2020-09-21,50-59,15558,172,177008,13.89,5.23,13.53
2020-09-21,60-69,11761,517,152730,10.5,15.73,11.67
2020-09-21,70-79,7259,829,94708,6.48,25.22,7.24
2020-09-21,80+,6533,1672,58648,5.83,50.87,4.48
2020-09-21,Unknown,96,0,4632,0.09,0,0.35
2020-09-22,0-19,14590,2,212260,12.95,0.06,16.14
2020-09-22,20-29,23309,10,251302,20.7,0.3,19.1
2020-09-22,30-39,16512,24,190086,14.66,0.73,14.45
2020-09-22,40-49,16812,60,171579,14.93,1.82,13.04
2020-09-22,50-59,15627,173,177875,13.88,5.25,13.52
2020-09-22,60-69,11820,517,153516,10.49,15.69,11.67
2020-09-22,70-79,7308,832,95221,6.49,25.25,7.24
2020-09-22,80+,6552,1677,58958,5.82,50.9,4.48
2020-09-22,Unknown,96,0,4643,0.09,0,0.35
2020-09-23,0-19,14718,2,213929,12.99,0.06,16.17
2020-09-23,20-29,23488,10,252610,20.72,0.3,19.1
2020-09-23,30-39,16594,24,191041,14.64,0.73,14.44
2020-09-23,40-49,16901,60,172408,14.91,1.82,13.03
2020-09-23,50-59,15725,173,178734,13.87,5.23,13.51
2020-09-23,60-69,11893,519,154326,10.49,15.7,11.67
2020-09-23,70-79,7339,836,95743,6.48,25.3,7.24
2020-09-23,80+,6583,1681,59377,5.81,50.86,4.49
2020-09-23,Unknown,96,0,4651,0.08,0,0.35
2020-09-24,0-19,14845,2,215896,13,0.06,16.21
2020-09-24,20-29,23671,10,254115,20.72,0.3,19.08
2020-09-24,30-39,16736,25,192287,14.65,0.75,14.44
2020-09-24,40-49,17023,60,173442,14.9,1.81,13.03
2020-09-24,50-59,15837,174,179797,13.86,5.24,13.5
2020-09-24,60-69,11978,520,155294,10.49,15.65,11.66
2020-09-24,70-79,7405,841,96321,6.48,25.32,7.23
2020-09-24,80+,6646,1690,59808,5.82,50.87,4.49
2020-09-24,Unknown,95,0,4648,0.08,0,0.35
2020-09-25,0-19,15023,2,218247,13.02,0.06,16.27
2020-09-25,20-29,23887,10,255976,20.7,0.3,19.08
2020-09-25,30-39,16890,26,193725,14.64,0.78,14.44
2020-09-25,40-49,17198,60,174665,14.9,1.8,13.02
2020-09-25,50-59,15996,174,180969,13.86,5.21,13.49
2020-09-25,60-69,12107,520,156246,10.49,15.57,11.65
2020-09-25,70-79,7483,844,96848,6.48,25.27,7.22
2020-09-25,80+,6728,1704,60133,5.83,51.02,4.48
2020-09-25,Unknown,95,0,4653,0.08,0,0.35
2020-09-26,0-19,15219,2,220257,13.06,0.06,16.31
2020-09-26,20-29,24162,10,257596,20.73,0.3,19.08
2020-09-26,30-39,17041,26,195026,14.62,0.78,14.44
2020-09-26,40-49,17346,61,175647,14.88,1.82,13.01
2020-09-26,50-59,16112,174,182026,13.82,5.19,13.48
2020-09-26,60-69,12235,522,157174,10.5,15.58,11.64
2020-09-26,70-79,7555,845,97377,6.48,25.22,7.21
2020-09-26,80+,6784,1711,60626,5.82,51.06,4.49
2020-09-26,Unknown,95,0,4661,0.08,0,0.35
2020-09-27,0-19,15368,2,222069,13.08,0.06,16.34
2020-09-27,20-29,24335,10,259137,20.72,0.3,19.07
2020-09-27,30-39,17152,26,196191,14.6,0.78,14.44
2020-09-27,40-49,17467,61,176611,14.87,1.82,13
2020-09-27,50-59,16241,174,183066,13.83,5.19,13.47
2020-09-27,60-69,12337,522,158101,10.5,15.56,11.63
2020-09-27,70-79,7621,845,97983,6.49,25.19,7.21
2020-09-27,80+,6834,1714,61041,5.82,51.1,4.49
2020-09-27,Unknown,95,0,4661,0.08,0,0.34
2020-09-28,0-19,15497,2,223627,13.1,0.06,16.37
2020-09-28,20-29,24506,10,260532,20.71,0.3,19.07
2020-09-28,30-39,17275,26,197236,14.6,0.77,14.44
2020-09-28,40-49,17601,61,177528,14.88,1.81,12.99
2020-09-28,50-59,16381,175,184028,13.84,5.2,13.47
2020-09-28,60-69,12421,523,158898,10.5,15.54,11.63
2020-09-28,70-79,7660,849,98434,6.47,25.23,7.2
2020-09-28,80+,6886,1719,61351,5.82,51.08,4.49
2020-09-28,Unknown,95,0,4660,0.08,0,0.34
2020-09-29,0-19,15595,2,224704,13.1,0.06,16.39
2020-09-29,20-29,24644,10,261353,20.7,0.3,19.06
2020-09-29,30-39,17383,26,197956,14.6,0.77,14.44
2020-09-29,40-49,17701,61,178076,14.87,1.8,12.99
2020-09-29,50-59,16489,175,184665,13.85,5.17,13.47
2020-09-29,60-69,12519,527,159499,10.51,15.57,11.63
2020-09-29,70-79,7724,857,98823,6.49,25.32,7.21
2020-09-29,80+,6916,1727,61612,5.81,51.02,4.49
2020-09-29,Unknown,95,0,4667,0.08,0,0.34
2020-09-30,0-19,15743,2,226568,13.12,0.06,16.42
2020-09-30,20-29,24821,10,262890,20.68,0.29,19.05
2020-09-30,30-39,17523,26,199024,14.6,0.76,14.42
2020-09-30,40-49,17828,61,179033,14.85,1.79,12.97
2020-09-30,50-59,16609,176,185696,13.84,5.17,13.46
2020-09-30,60-69,12622,533,160566,10.52,15.65,11.64
2020-09-30,70-79,7804,861,99505,6.5,25.29,7.21
2020-09-30,80+,6974,1736,62055,5.81,50.98,4.5
2020-09-30,Unknown,95,0,4513,0.08,0,0.33
2020-10-01,0-19,15892,2,228376,13.11,0.06,16.46
2020-10-01,20-29,25041,10,264081,20.66,0.29,19.03
2020-10-01,30-39,17678,26,200047,14.59,0.76,14.42
2020-10-01,40-49,17971,61,179996,14.83,1.78,12.97
2020-10-01,50-59,16776,176,186708,13.84,5.15,13.45
2020-10-01,60-69,12755,534,161545,10.53,15.62,11.64
2020-10-01,70-79,7907,866,100080,6.53,25.34,7.21
2020-10-01,80+,7061,1743,62380,5.83,50.99,4.5
2020-10-01,Unknown,95,0,4518,0.08,0,0.33
2020-10-02,0-19,16084,2,230812,13.11,0.06,16.5
2020-10-02,20-29,25306,10,266046,20.63,0.29,19.02
2020-10-02,30-39,17910,26,201568,14.6,0.76,14.41
2020-10-02,40-49,18206,61,181344,14.85,1.78,12.97
2020-10-02,50-59,16972,176,187943,13.84,5.13,13.44
2020-10-02,60-69,12912,536,162663,10.53,15.63,11.63
2020-10-02,70-79,8016,868,100767,6.54,25.31,7.21
2020-10-02,80+,7139,1750,62857,5.82,51.04,4.49
2020-10-02,Unknown,95,0,4522,0.08,0,0.32
2020-10-03,0-19,16322,2,233233,13.16,0.06,16.56
2020-10-03,20-29,25549,10,267810,20.59,0.29,19.01
2020-10-03,30-39,18122,26,202914,14.61,0.76,14.41
2020-10-03,40-49,18400,61,182452,14.83,1.77,12.95
2020-10-03,50-59,17144,176,189089,13.82,5.11,13.43
2020-10-03,60-69,13100,539,163687,10.56,15.66,11.62
2020-10-03,70-79,8103,870,101429,6.53,25.28,7.2
2020-10-03,80+,7223,1758,63334,5.82,51.07,4.5
2020-10-03,Unknown,96,0,4527,0.08,0,0.32
2020-10-04,0-19,16477,2,235239,13.17,0.06,16.59
2020-10-04,20-29,25717,10,269454,20.55,0.29,19
2020-10-04,30-39,18270,26,204211,14.6,0.75,14.4
2020-10-04,40-49,18553,61,183628,14.83,1.77,12.95
2020-10-04,50-59,17319,177,190365,13.84,5.13,13.42
2020-10-04,60-69,13243,539,164787,10.58,15.64,11.62
2020-10-04,70-79,8191,872,102091,6.55,25.3,7.2
2020-10-04,80+,7280,1760,63757,5.82,51.06,4.5
2020-10-04,Unknown,96,0,4531,0.08,0,0.32
2020-10-05,0-19,16599,2,236550,13.18,0.06,16.6
2020-10-05,20-29,25853,10,270694,20.52,0.29,18.99
2020-10-05,30-39,18387,26,205262,14.6,0.75,14.4
2020-10-05,40-49,18670,61,184563,14.82,1.77,12.95
2020-10-05,50-59,17439,177,191322,13.84,5.12,13.42
2020-10-05,60-69,13358,541,165610,10.6,15.66,11.62
2020-10-05,70-79,8253,874,102601,6.55,25.3,7.2
2020-10-05,80+,7321,1763,64038,5.81,51.04,4.49
2020-10-05,Unknown,96,0,4535,0.08,0,0.32
2020-10-06,0-19,16732,2,237797,13.18,0.06,16.6
2020-10-06,20-29,26009,10,271899,20.49,0.29,18.98
2020-10-06,30-39,18544,26,206251,14.61,0.75,14.4
2020-10-06,40-49,18789,62,185434,14.8,1.78,12.95
2020-10-06,50-59,17576,178,192283,13.85,5.11,13.43
2020-10-06,60-69,13478,547,166489,10.62,15.7,11.62
2020-10-06,70-79,8336,879,103154,6.57,25.23,7.2
2020-10-06,80+,7387,1780,64360,5.82,51.09,4.49
2020-10-06,Unknown,95,0,4552,0.07,0,0.32
2020-10-07,0-19,16890,2,239497,13.17,0.06,16.62
2020-10-07,20-29,26206,10,273223,20.44,0.29,18.96
2020-10-07,30-39,18724,27,207502,14.6,0.77,14.4
2020-10-07,40-49,18967,62,186479,14.79,1.77,12.94
2020-10-07,50-59,17775,180,193474,13.86,5.14,13.43
2020-10-07,60-69,13650,550,167568,10.65,15.71,11.63
2020-10-07,70-79,8449,884,103807,6.59,25.26,7.2
2020-10-07,80+,7471,1785,64810,5.83,51,4.5
2020-10-07,Unknown,95,0,4557,0.07,0,0.32
2020-10-08,0-19,17069,2,241569,13.16,0.06,16.64
2020-10-08,20-29,26454,10,274905,20.4,0.28,18.94
2020-10-08,30-39,18913,27,208917,14.58,0.77,14.39
2020-10-08,40-49,19182,62,187791,14.79,1.76,12.94
2020-10-08,50-59,17994,180,194909,13.88,5.12,13.43
2020-10-08,60-69,13823,549,168819,10.66,15.62,11.63
2020-10-08,70-79,8554,891,104574,6.6,25.35,7.21
2020-10-08,80+,7592,1794,65347,5.85,51.04,4.5
2020-10-08,Unknown,96,0,4560,0.07,0,0.31
2020-10-09,0-19,17321,2,244168,13.17,0.06,16.68
2020-10-09,20-29,26762,10,277006,20.35,0.28,18.93
2020-10-09,30-39,19144,28,210681,14.56,0.79,14.4
2020-10-09,40-49,19434,62,189247,14.78,1.75,12.93
2020-10-09,50-59,18291,181,196487,13.91,5.12,13.43
2020-10-09,60-69,14050,553,170106,10.68,15.65,11.62
2020-10-09,70-79,8713,896,105357,6.63,25.35,7.2
2020-10-09,80+,7680,1802,65758,5.84,50.99,4.49
2020-10-09,Unknown,98,0,4626,0.07,0,0.32
2020-10-10,0-19,17610,2,246530,13.2,0.06,16.72
2020-10-10,20-29,27096,10,278825,20.31,0.28,18.91
2020-10-10,30-39,19427,28,212280,14.56,0.79,14.4
2020-10-10,40-49,19684,62,190670,14.75,1.74,12.93
2020-10-10,50-59,18573,181,197966,13.92,5.09,13.42
2020-10-10,60-69,14295,553,171400,10.72,15.56,11.62
2020-10-10,70-79,8841,900,106107,6.63,25.32,7.2
2020-10-10,80+,7785,1819,66227,5.84,51.17,4.49
2020-10-10,Unknown,100,0,4634,0.07,0,0.31
2020-10-11,0-19,17814,2,248781,13.2,0.06,16.74
2020-10-11,20-29,27368,10,280903,20.28,0.28,18.9
2020-10-11,30-39,19670,28,213932,14.57,0.79,14.39
2020-10-11,40-49,19894,63,192122,14.74,1.77,12.93
2020-10-11,50-59,18798,181,199518,13.93,5.08,13.42
2020-10-11,60-69,14475,553,172672,10.72,15.52,11.62
2020-10-11,70-79,8980,902,106907,6.65,25.32,7.19
2020-10-11,80+,7883,1823,66699,5.84,51.18,4.49
2020-10-11,Unknown,99,0,4648,0.07,0,0.31
2020-10-12,0-19,18045,2,250519,13.21,0.06,16.75
2020-10-12,20-29,27650,10,282583,20.25,0.28,18.89
2020-10-12,30-39,19865,28,215294,14.55,0.78,14.39
2020-10-12,40-49,20091,63,193330,14.71,1.77,12.92
2020-10-12,50-59,19047,181,200830,13.95,5.07,13.43
2020-10-12,60-69,14684,553,173892,10.75,15.5,11.62
2020-10-12,70-79,9119,902,107670,6.68,25.28,7.2
2020-10-12,80+,7954,1829,67074,5.82,51.26,4.48
2020-10-12,Unknown,100,0,4660,0.07,0,0.31
2020-10-13,0-19,18240,2,251945,13.21,0.06,16.75
2020-10-13,20-29,27914,10,283992,20.21,0.28,18.88
2020-10-13,30-39,20092,28,216455,14.55,0.78,14.39
2020-10-13,40-49,20321,63,194441,14.71,1.75,12.93
2020-10-13,50-59,19278,183,201890,13.96,5.09,13.42
2020-10-13,60-69,14894,557,174929,10.78,15.49,11.63
2020-10-13,70-79,9233,910,108237,6.69,25.31,7.2
2020-10-13,80+,8032,1842,67372,5.82,51.24,4.48
2020-10-13,Unknown,100,0,4662,0.07,0,0.31
2020-10-14,0-19,18395,2,253203,13.21,0.06,16.76
2020-10-14,20-29,28090,10,285218,20.17,0.28,18.88
2020-10-14,30-39,20259,28,217454,14.55,0.78,14.39
2020-10-14,40-49,20500,63,195335,14.72,1.75,12.93
2020-10-14,50-59,19462,184,202874,13.97,5.1,13.43
2020-10-14,60-69,15030,558,175849,10.79,15.46,11.64
2020-10-14,70-79,9310,915,108764,6.68,25.35,7.2
2020-10-14,80+,8123,1849,67698,5.83,51.23,4.48
2020-10-14,Unknown,100,0,4665,0.07,0,0.31
2020-10-15,0-19,18631,2,255069,13.19,0.06,16.77
2020-10-15,20-29,28420,10,286948,20.13,0.28,18.86
2020-10-15,30-39,20542,28,218967,14.55,0.77,14.39
2020-10-15,40-49,20763,63,196704,14.7,1.73,12.93
2020-10-15,50-59,19777,185,204322,14.01,5.09,13.43
2020-10-15,60-69,15259,561,177037,10.81,15.45,11.64
2020-10-15,70-79,9458,922,109461,6.7,25.39,7.19
2020-10-15,80+,8262,1861,68227,5.85,51.24,4.48
2020-10-15,Unknown,100,0,4667,0.07,0,0.31
2020-10-16,0-19,18969,2,257324,13.22,0.05,16.79
2020-10-16,20-29,28816,10,288816,20.08,0.27,18.84
2020-10-16,30-39,20843,29,220640,14.53,0.79,14.39
2020-10-16,40-49,21110,64,198203,14.71,1.75,12.93
2020-10-16,50-59,20116,186,205817,14.02,5.09,13.43
2020-10-16,60-69,15519,563,178456,10.82,15.41,11.64
2020-10-16,70-79,9641,927,110307,6.72,25.37,7.2
2020-10-16,80+,8383,1873,68699,5.84,51.26,4.48
2020-10-16,Unknown,98,0,4687,0.07,0,0.31
2020-10-17,0-19,19300,2,259900,13.22,0.05,16.81
2020-10-17,20-29,29237,10,291015,20.03,0.27,18.82
2020-10-17,30-39,21178,29,222639,14.51,0.79,14.4
2020-10-17,40-49,21472,64,199852,14.71,1.74,12.93
2020-10-17,50-59,20535,186,207536,14.07,5.05,13.42
2020-10-17,60-69,15841,569,179915,10.85,15.44,11.64
2020-10-17,70-79,9830,938,111101,6.73,25.45,7.19
2020-10-17,80+,8485,1887,69257,5.81,51.21,4.48
2020-10-17,Unknown,99,0,4712,0.07,0,0.3
2020-10-18,0-19,19524,2,261675,13.23,0.05,16.82
2020-10-18,20-29,29511,10,292680,20,0.27,18.82
2020-10-18,30-39,21398,29,224014,14.5,0.78,14.4
2020-10-18,40-49,21686,65,201018,14.69,1.75,12.92
2020-10-18,50-59,20799,187,208852,14.09,5.05,13.43
2020-10-18,60-69,16028,571,180989,10.86,15.42,11.64
2020-10-18,70-79,9962,944,111754,6.75,25.49,7.18
2020-10-18,80+,8574,1896,69747,5.81,51.19,4.48
2020-10-18,Unknown,100,0,4708,0.07,0,0.3
2020-10-19,0-19,19739,2,263336,13.23,0.05,16.83
2020-10-19,20-29,29807,10,294307,19.98,0.27,18.81
2020-10-19,30-39,21616,29,225374,14.49,0.78,14.4
2020-10-19,40-49,21914,66,202318,14.69,1.77,12.93
2020-10-19,50-59,21013,187,210038,14.09,5.02,13.42
2020-10-19,60-69,16243,574,182212,10.89,15.4,11.65
2020-10-19,70-79,10081,950,112366,6.76,25.49,7.18
2020-10-19,80+,8653,1909,70067,5.8,51.22,4.48
2020-10-19,Unknown,100,0,4704,0.07,0,0.3
2020-10-20,0-19,19923,2,264692,13.22,0.05,16.83
2020-10-20,20-29,30025,10,295538,19.93,0.26,18.8
2020-10-20,30-39,21806,29,226506,14.47,0.77,14.41
2020-10-20,40-49,22130,66,203349,14.69,1.75,12.93
2020-10-20,50-59,21276,191,211134,14.12,5.06,13.43
2020-10-20,60-69,16433,579,183148,10.91,15.34,11.65
2020-10-20,70-79,10244,965,112933,6.8,25.56,7.18
2020-10-20,80+,8727,1933,70339,5.79,51.21,4.47
2020-10-20,Unknown,100,0,4711,0.07,0,0.3
2020-10-21,0-19,20150,2,266445,13.22,0.05,16.85
2020-10-21,20-29,30313,10,296892,19.89,0.26,18.78
2020-10-21,30-39,22038,29,227773,14.46,0.77,14.41
2020-10-21,40-49,22368,66,204445,14.68,1.74,12.93
2020-10-21,50-59,21532,191,212295,14.13,5.04,13.43
2020-10-21,60-69,16661,580,184197,10.93,15.3,11.65
2020-10-21,70-79,10377,969,113605,6.81,25.57,7.19
2020-10-21,80+,8859,1943,70741,5.81,51.27,4.47
2020-10-21,Unknown,98,0,4716,0.06,0,0.3
2020-10-22,0-19,20506,2,268850,13.21,0.05,16.86
2020-10-22,20-29,30782,10,298952,19.83,0.26,18.75
2020-10-22,30-39,22449,29,229820,14.46,0.76,14.41
2020-10-22,40-49,22786,69,206225,14.68,1.8,12.93
2020-10-22,50-59,21971,191,214149,14.15,4.99,13.43
2020-10-22,60-69,17000,588,185814,10.95,15.35,11.65
2020-10-22,70-79,10614,979,114521,6.84,25.55,7.18
2020-10-22,80+,9041,1963,71318,5.82,51.24,4.47
2020-10-22,Unknown,97,0,4716,0.06,0,0.3
2020-10-23,0-19,20879,2,270977,13.24,0.05,16.88
2020-10-23,20-29,31194,10,300758,19.78,0.26,18.73
2020-10-23,30-39,22798,29,231447,14.46,0.75,14.42
2020-10-23,40-49,23159,69,207692,14.68,1.79,12.94
2020-10-23,50-59,22320,191,215599,14.15,4.95,13.43
2020-10-23,60-69,17277,594,187064,10.95,15.4,11.65
2020-10-23,70-79,10790,985,115320,6.84,25.53,7.18
2020-10-23,80+,9198,1978,72018,5.83,51.27,4.49
2020-10-23,Unknown,98,0,4721,0.06,0,0.29
2020-10-24,0-19,21270,2,273314,13.26,0.05,16.89
2020-10-24,20-29,31670,10,303080,19.74,0.26,18.73
2020-10-24,30-39,23174,29,233449,14.44,0.75,14.43
2020-10-24,40-49,23563,69,209430,14.69,1.78,12.94
2020-10-24,50-59,22746,193,217277,14.18,4.97,13.43
2020-10-24,60-69,17584,598,188438,10.96,15.4,11.64
2020-10-24,70-79,10999,994,116111,6.85,25.61,7.17
2020-10-24,80+,9346,1987,72497,5.82,51.18,4.48
2020-10-24,Unknown,102,0,4735,0.06,0,0.29
2020-10-25,0-19,21557,2,275459,13.26,0.05,16.9
2020-10-25,20-29,32063,11,304897,19.72,0.28,18.71
2020-10-25,30-39,23477,29,235016,14.44,0.74,14.42
2020-10-25,40-49,23865,69,210930,14.68,1.77,12.94
2020-10-25,50-59,23059,194,218824,14.18,4.98,13.43
2020-10-25,60-69,17825,598,189704,10.96,15.36,11.64
2020-10-25,70-79,11165,997,116848,6.87,25.6,7.17
2020-10-25,80+,9493,1994,73046,5.84,51.21,4.48
2020-10-25,Unknown,103,0,4744,0.06,0,0.29
2020-10-26,0-19,21845,2,277113,13.27,0.05,16.92
2020-10-26,20-29,32430,11,306402,19.7,0.28,18.7
2020-10-26,30-39,23730,29,236239,14.42,0.74,14.42
2020-10-26,40-49,24135,69,212089,14.66,1.77,12.95
2020-10-26,50-59,23378,194,220043,14.2,4.97,13.43
2020-10-26,60-69,18067,601,190740,10.98,15.38,11.64
2020-10-26,70-79,11316,1000,117522,6.88,25.6,7.17
2020-10-26,80+,9577,2001,73340,5.82,51.22,4.48
2020-10-26,Unknown,103,0,4744,0.06,0,0.29
2020-10-27,0-19,22088,2,278701,13.26,0.05,16.93
2020-10-27,20-29,32770,12,307623,19.67,0.3,18.68
2020-10-27,30-39,24050,29,237440,14.44,0.73,14.42
2020-10-27,40-49,24408,70,213139,14.65,1.77,12.94
2020-10-27,50-59,23689,196,221213,14.22,4.95,13.44
2020-10-27,60-69,18318,610,191749,11,15.41,11.65
2020-10-27,70-79,11451,1006,118134,6.87,25.42,7.17
2020-10-27,80+,9687,2033,73797,5.82,51.36,4.48
2020-10-27,Unknown,103,0,4746,0.06,0,0.29
2020-10-28,0-19,22393,2,280633,13.24,0.05,16.94
2020-10-28,20-29,33230,12,309319,19.65,0.3,18.67
2020-10-28,30-39,24421,29,238937,14.44,0.73,14.42
2020-10-28,40-49,24791,70,214582,14.66,1.75,12.95
2020-10-28,50-59,24041,199,222660,14.22,4.99,13.44
2020-10-28,60-69,18655,612,193037,11.03,15.33,11.65
2020-10-28,70-79,11648,1013,118871,6.89,25.38,7.17
2020-10-28,80+,9830,2054,74296,5.81,51.47,4.48
2020-10-28,Unknown,103,0,4755,0.06,0,0.29
2020-10-29,0-19,22861,2,283342,13.24,0.05,16.96
2020-10-29,20-29,33872,13,311601,19.61,0.32,18.65
2020-10-29,30-39,24896,31,241035,14.41,0.77,14.42
2020-10-29,40-49,25384,71,216453,14.7,1.76,12.95
2020-10-29,50-59,24567,200,224588,14.22,4.97,13.44
2020-10-29,60-69,19076,615,194666,11.04,15.28,11.65
2020-10-29,70-79,11910,1025,119751,6.9,25.47,7.17
2020-10-29,80+,10053,2067,74876,5.82,51.37,4.48
2020-10-29,Unknown,111,0,4781,0.06,0,0.29
2020-10-30,0-19,23316,2,286508,13.26,0.05,17.01
2020-10-30,20-29,34434,13,313952,19.58,0.32,18.63
2020-10-30,30-39,25355,31,243055,14.42,0.77,14.43
2020-10-30,40-49,25861,71,218184,14.7,1.75,12.95
2020-10-30,50-59,25017,201,226281,14.22,4.96,13.43
2020-10-30,60-69,19433,619,196046,11.05,15.28,11.64
2020-10-30,70-79,12128,1032,120575,6.9,25.48,7.16
2020-10-30,80+,10239,2081,75385,5.82,51.38,4.47
2020-10-30,Unknown,110,0,4797,0.06,0,0.28
2020-10-31,0-19,23799,2,289341,13.27,0.05,17.03
2020-10-31,20-29,35063,13,316637,19.55,0.32,18.64
2020-10-31,30-39,25840,31,245227,14.41,0.76,14.43
2020-10-31,40-49,26404,72,220173,14.72,1.76,12.96
2020-10-31,50-59,25548,201,228194,14.24,4.91,13.43
2020-10-31,60-69,19839,628,197484,11.06,15.33,11.62
2020-10-31,70-79,12362,1042,121292,6.89,25.44,7.14
2020-10-31,80+,10394,2107,75857,5.8,51.44,4.46
2020-10-31,Unknown,109,0,4803,0.06,0,0.28
2020-11-01,0-19,24182,2,291530,13.28,0.05,17.05
2020-11-01,20-29,35565,13,318637,19.53,0.32,18.63
2020-11-01,30-39,26285,31,246947,14.43,0.75,14.44
2020-11-01,40-49,26847,73,221713,14.74,1.77,12.97
2020-11-01,50-59,25969,203,229643,14.26,4.92,13.43
2020-11-01,60-69,20128,632,198552,11.05,15.32,11.61
2020-11-01,70-79,12514,1045,121858,6.87,25.34,7.13
2020-11-01,80+,10509,2125,76287,5.77,51.53,4.46
2020-11-01,Unknown,109,0,4777,0.06,0,0.28
2020-11-02,0-19,24644,2,294279,13.31,0.05,17.08
2020-11-02,20-29,36105,13,320865,19.5,0.31,18.62
2020-11-02,30-39,26753,31,248855,14.45,0.75,14.44
2020-11-02,40-49,27315,73,223499,14.75,1.76,12.97
2020-11-02,50-59,26428,208,231307,14.27,5.01,13.43
2020-11-02,60-69,20498,634,199952,11.07,15.28,11.61
2020-11-02,70-79,12725,1049,122670,6.87,25.28,7.12
2020-11-02,80+,10608,2140,76632,5.73,51.57,4.45
2020-11-02,Unknown,109,0,4783,0.06,0,0.28
2020-11-03,0-19,25041,2,296316,13.32,0.05,17.09
2020-11-03,20-29,36600,13,322739,19.46,0.31,18.62
2020-11-03,30-39,27196,33,250463,14.46,0.79,14.45
2020-11-03,40-49,27760,76,224997,14.76,1.81,12.98
2020-11-03,50-59,26868,209,232765,14.29,4.98,13.43
2020-11-03,60-69,20846,641,201196,11.08,15.27,11.61
2020-11-03,70-79,12918,1058,123321,6.87,25.2,7.11
2020-11-03,80+,10728,2167,76973,5.7,51.61,4.44
2020-11-03,Unknown,109,0,4805,0.06,0,0.28
2020-11-04,0-19,25557,2,299257,13.33,0.05,17.12
2020-11-04,20-29,37224,13,325120,19.41,0.31,18.59
2020-11-04,30-39,27768,33,252710,14.48,0.78,14.45
2020-11-04,40-49,28362,76,227069,14.79,1.8,12.99
2020-11-04,50-59,27450,212,234853,14.31,5.02,13.43
2020-11-04,60-69,21258,646,202873,11.09,15.29,11.6
2020-11-04,70-79,13162,1064,124288,6.86,25.19,7.11
2020-11-04,80+,10874,2178,77516,5.67,51.56,4.43
2020-11-04,Unknown,109,0,4810,0.06,0,0.28
2020-11-05,0-19,26175,2,302077,13.34,0.05,17.14
2020-11-05,20-29,38044,13,327323,19.39,0.3,18.58
2020-11-05,30-39,28440,34,254810,14.5,0.8,14.46
2020-11-05,40-49,29031,76,228869,14.8,1.78,12.99
2020-11-05,50-59,28114,212,236698,14.33,4.97,13.43
2020-11-05,60-69,21777,652,204316,11.1,15.27,11.6
2020-11-05,70-79,13416,1065,125047,6.84,24.95,7.1
2020-11-05,80+,11069,2215,77989,5.64,51.89,4.43
2020-11-05,Unknown,110,0,4818,0.06,0,0.27
2020-11-06,0-19,26884,2,305332,13.39,0.05,17.18
2020-11-06,20-29,38906,13,329952,19.37,0.3,18.57
2020-11-06,30-39,29119,34,257023,14.5,0.79,14.46
2020-11-06,40-49,29743,76,230882,14.81,1.76,12.99
2020-11-06,50-59,28807,214,238685,14.34,4.97,13.43
2020-11-06,60-69,22262,659,205791,11.09,15.3,11.58
2020-11-06,70-79,13693,1074,125931,6.82,24.94,7.09
2020-11-06,80+,11299,2234,78678,5.63,51.88,4.43
2020-11-06,Unknown,110,0,4831,0.05,0,0.27
2020-11-07,0-19,27630,2,309240,13.43,0.05,17.23
2020-11-07,20-29,39830,13,333005,19.36,0.3,18.56
2020-11-07,30-39,29848,35,259567,14.51,0.8,14.47
2020-11-07,40-49,30464,77,233188,14.81,1.77,13
2020-11-07,50-59,29524,217,240758,14.35,4.99,13.42
2020-11-07,60-69,22817,664,207421,11.09,15.27,11.56
2020-11-07,70-79,13992,1082,126857,6.8,24.89,7.07
2020-11-07,80+,11508,2258,79529,5.59,51.93,4.43
2020-11-07,Unknown,109,0,4833,0.05,0,0.27
