Type,Name,2/18,2/19,2/20,2/21,2/22,2/23,2/24,2/25,2/26,2/27,2/28,2/29,3/1,3/2,3/3,3/4,3/5,3/6,3/7,3/8,3/9,3/10,3/11,3/12,3/13,3/14,3/15,3/16,3/17,3/18,3/19,3/20,3/21,3/22,3/23,3/24,3/25,3/26,3/27,3/28,3/29,3/30,3/31,4/1,4/2,4/3,4/4,4/5,4/6,4/7,4/8,4/9,4/10,4/11,4/12,4/13,4/14,4/15,4/16,4/17,4/18,4/19,4/20,4/21,4/22,4/23,4/24,4/25,4/26,4/27,4/28,4/29,4/30,5/1,5/2,5/3,5/4,5/5,5/6,5/7,5/8,5/9,5/10,5/11,5/12,5/13,5/14,5/15,5/16,5/17,5/18,5/19,5/20,5/21,5/22,5/23,5/24,5/25,5/26,5/27,5/28,5/29,5/30,5/31,6/1,6/2,6/3,6/4,6/5,6/6,6/7,6/8,6/9,6/10,6/11,6/12,6/13,6/14,6/15
country,Global,-1,3,-1,-2,1,4,1,1,-2,-3,-1,1,0,-8,-9,-6,-7,-7,-4,-3,-14,-18,-19,-28,-36,-40,-47,-56,-83,-89,-96.03,-97.94,-98.96,-99.24,-99.68,-99.72,-99.75,-99.79,-99.83,-99.85,-99.89,-99.83,-99.87,-99.91,-99.92,-99.92,-99.94,-99.94,-99.93,-99.94,-99.94,-100,-99.94,-99.95,-99.95,-99.94,-99.94,-99.93,-99.93,-99.93,-99.93,-99.94,-99.95,-99.93,-99.92,-99.94,-99.94,-99.92,-99.94,-99.85,-99.86,-99.84,-99.79,-99,-99.12,-99.26,-98.38,-98.26,-98.37,-98.16,-97.62,-97.57,-97.22,-96.25,-96.26,-95.92,-95.53,-93.99,-93.34,-93.9,-93.53,-92.39,-91.3,-89.17,-87.85,-87.75,-88.32,-88.26,-86.2,-85.02,-85.38,-82.67,-81.72,-82.68,-81.74,-83.29,-81.13,-80.21,-76.12,-74.62,-74.88,-76.39,-76.02,-73.09,-70.8,-66.51,-66.54,-78.84,-69.8
country,Australia,-3,-6,-3,-1,0,0,0,-2,-2,-7,0,-1,4,-12,-6,-12,-8,-6,-3,-4,-10,-4,-10,-12,-8,-11,-12,-30,-43,-50,-53,-51.67,-53.61,-65.53,-99.82,-100,-100,-100,-100,-100,-100,-100,-100,-100,-100,-100,-100,-100,-100,-100,-100,-100,-100,-100,-100,-100,-100,-100,-100,-100,-100,-100,-100,-100,-100,-100,-100,-100,-100,-100,-100,-100,-100,-100,-100,-100,-100,-100,-100,-100,-100,-100,-100,-98.51,-99.03,-98.57,-99.03,-97.01,-94.61,-94.71,-92.67,-92.86,-92.64,-91.21,-90.45,-91.19,-90.08,-96.13,-87.49,-76.07,-84.39,-88.53,-88.12,-86.44,-45,-46.23,-39.88,-37.86,-33.66,-36.17,-39.91,-40.35,-34.78,-30.08,-19.75,-17.3,-20.12,-16.99,-24.7
country,Canada,-5,0,-3,-2,-1,8,-2,-3,1,-12,-8,-4,-7,-12,-7,-2,-4,-8,-9,-1,-13,-18,-19,-28,-40,-41,-47,-60,-94,-97,-99.47,-99.72,-99.89,-99.94,-99.97,-99.99,-99.97,-99.98,-99.98,-100,-100,-100,-100,-100,-100,-100,-100,-100,-100,-100,-100,-100,-100,-100,-100,-100,-100,-100,-100,-99.99,-99.99,-100,-100,-100,-100,-100,-99.99,-99.99,-100,-100,-100,-100,-100,-99.99,-100,-100,-100,-100,-100,-100,-100,-99.99,-100,-99.93,-99.94,-99.89,-99.2,-98.92,-98.56,-98.56,-98.13,-94.83,-94.39,-94.49,-94.57,-93.98,-92.87,-98.63,-88.86,-87.85,-89.14,-88.47,-89.51,-88.22,-83.14,-85.33,-84.39,-84.95,-83.61,-82.93,-81.22,-83.82,-82.87,-80.59,-80.16,-77.78,-77.43,-84.76,-79.1
country,Germany,11,4,3,5,1,2,11,4,5,5,11,7,9,-8,0,-4,-6,-7,4,11,-10,-16,-11,-17,-28,-38,-46,-63,-90,-95,-98.36,-98.79,-99.78,-99.96,-100,-100,-100,-100,-100,-100,-100,-100,-100,-100,-100,-100,-100,-100,-100,-100,-100,-100,-99.86,-100,-100,-100,-99.94,-100,-100,-100,-100,-100,-100,-100,-100,-100,-100,-100,-100,-100,-100,-100,-99.91,-100,-99.97,-100,-100,-100,-100,-100,-100,-99.42,-99.48,-94.49,-95.32,-91.52,-91.52,-79.98,-79.03,-73.93,-62.32,-65.14,-55.65,-24.4,-50.23,-60.52,-54.68,-56.44,-59.6,-54.84,-67.18,-43.96,-32.5,0.34,32.21,-39.24,-31.94,-42.77,-23.83,-22.96,-41.17,-54.37,-13.47,-9.93,7.49,3.29,-14.07,-21.8,-27.33
country,Ireland,2,0,4,1,-3,4,-9,-8,-10,-2,-10,-13,10,-6,-7,-1,-15,-13,-5,4,-10,-28,-27,-46,-51,-52,-75,-70,-86,-97,-98.55,-99.08,-98.76,-98.31,-100,-99.55,-100,-100,-100,-100,-100,-100,-100,-100,-100,-100,-100,-100,-100,-100,-100,-100,-100,-100,-100,-100,-100,-100,-99.68,-100,-100,-100,-100,-100,-100,-100,-100,-100,-100,-100,-100,-100,-100,-100,-100,-100,-100,-100,-100,-100,-100,-100,-100,-99.2,-99.08,-98.57,-98.48,-98.62,-90.79,-96.9,-99.11,-99.29,-99.54,-97.33,-98.58,-94.7,-97.73,-100,-98.89,-98.83,-96.97,-98.61,-96.67,-97.98,-99.98,-99.39,-99.77,-99.32,-98.92,-97.88,-97.93,-99.83,-99.13,-99.82,-99.53,-99.27,-98.45,-99.88,-99.82
country,Mexico,-5,-5,-4,-3,-1,2,-1,-3,-9,-7,-10,-5,-7,-7,-10,-6,-6,-8,-2,-5,-19,-16,-15,-16,-16,-21,-35,-48,-62,-73,-78.41,-85.12,-90.81,-95.2,-94.6,-95.81,-96.6,-97.33,-97.12,-97.09,-98.51,-97.87,-98.7,-99.24,-99.62,-99.53,-99.5,-99.85,-99.25,-99.72,-99.77,-100,-99.82,-99.72,-99.79,-99.77,-99.77,-99.85,-99.77,-99.73,-99.59,-99.84,-99.88,-99.81,-99.82,-99.8,-99.83,-99.75,-99.96,-99.86,-99.83,-99.83,-99.78,-99.7,-99.79,-99.76,-99.44,-99.48,-99.8,-99.54,-99.86,-99.38,-98.74,-99.4,-99.11,-99.35,-98.94,-98.53,-98.68,-99.14,-98.76,-98.33,-98.17,-98.11,-97.44,-97.72,-98.4,-98.08,-97.15,-96.66,-96.13,-95.71,-95.19,-96.11,-95.62,-95.49,-95.27,-95.35,-93.33,-93.05,-94.76,-94.15,-94.3,-93.93,-92.94,-90.88,-91.9,-95.29,-91.84
country,United Kingdom,1,-1,-2,0,-1,-4,-6,-5,-5,-8,-2,-3,-2,-7,-11,-9,-12,-5,-3,1,-18,-17,-14,-24,-26,-20,-31,-52,-82,-88,-91.08,-93.93,-99.96,-99.99,-100,-100,-100,-100,-100,-100,-100,-100,-100,-100,-100,-100,-100,-100,-100,-100,-100,-100,-100,-100,-100,-100,-100,-100,-100,-100,-100,-100,-100,-100,-100,-100,-100,-100,-100,-100,-100,-100,-100,-100,-100,-100,-100,-100,-100,-100,-100,-100,-100,-99.49,-99.3,-99.32,-98.92,-99.12,-97.5,-98.88,-99.38,-98.85,-99,-98.64,-98.87,-98.02,-98.56,-99.96,-98.98,-99.31,-99.22,-99.02,-98.05,-99,-98.98,-99.27,-98.89,-98.34,-98.48,-97.58,-98.77,-98.71,-98.96,-99.06,-98.8,-98.74,-98.18,-99.27,-99.28
country,United States,0,4,0,-1,2,6,2,2,-1,-1,1,3,2,-7,-9,-5,-5,-6,-3,-2,-14,-18,-19,-28,-36,-42,-48,-56,-84,-91,-97.54,-99.35,-99.89,-99.93,-99.97,-99.97,-99.98,-99.98,-99.99,-99.98,-100,-99.99,-99.99,-99.99,-99.98,-99.97,-99.98,-99.99,-100,-99.99,-99.97,-100,-99.97,-99.98,-99.99,-99.99,-99.99,-99.97,-99.96,-99.97,-99.97,-99.98,-99.99,-99.97,-99.97,-99.98,-99.97,-99.97,-99.99,-99.89,-99.9,-99.91,-99.86,-98.81,-98.97,-99.16,-98.04,-97.98,-98.02,-97.75,-97.06,-97.12,-96.86,-95.67,-95.62,-95.31,-94.94,-93.55,-93.03,-93.64,-93.66,-92.63,-91.62,-89.83,-87.31,-87.04,-87.88,-86.84,-85.57,-84.57,-84.35,-81.62,-80.98,-83.01,-84.18,-83.48,-81.16,-79.66,-75.46,-73.9,-74.08,-75.14,-75.29,-72.32,-69.94,-65.02,-64.63,-78.06,-67.47
state,Alabama,-14,7,1,-2,8,2,1,0,-8,-3,-3,-11,2,-32,-29,-23,-15,-3,11,-10,-11,-26,-8,-2,-24,-28,-38,-57,-74,-78,-96.77,-100,-100,-100,-100,-100,-100,-100,-100,-100,-100,-100,-100,-100,-100,-100,-100,-100,-100,-100,-100,-100,-100,-100,-100,-100,-100,-100,-100,-100,-100,-100,-100,-100,-100,-100,-100,-100,-100,-100,-100,-100,-100,-100,-100,-100,-100,-100,-100,-100,-99.6,-99.56,-99.57,-86.28,-87.74,-77.51,-77.78,-73.6,-69.99,-71.98,-75.11,-75.25,-69.56,-66.91,-65.27,-59.58,-64.48,-51.26,-56.17,-58.27,-55.53,-55.62,-51.16,-50.65,-61.18,-54.58,-59.52,-53.43,-50.96,-48.39,-64.43,-63.35,-54.05,-45.06,-37.05,-36.98,-38.9,-63.81,-44.86
state,Alberta,2,10,2,1,5,0,-1,3,-1,-4,3,2,-4,-10,-4,-1,-8,1,-16,-7,-13,-10,-8,-23,-43,-44,-49,-65,-89,-96,-98.49,-99.13,-99.65,-99.81,-99.84,-99.96,-99.82,-99.9,-99.91,-100,-100,-100,-100,-100,-100,-100,-100,-100,-100,-100,-100,-100,-100,-100,-100,-100,-100,-100,-100,-100,-100,-100,-100,-100,-100,-100,-100,-100,-100,-100,-100,-100,-100,-100,-100,-100,-100,-100,-100,-100,-100,-100,-100,-100,-100,-99.97,-95.37,-93.26,-93.08,-92.25,-88.21,-86.67,-86,-86.87,-87.54,-86.61,-84.82,-96.4,-78.11,-74.18,-71.06,-72.77,-75.63,-76.81,-58.14,-60.34,-60.96,-62.2,-59.47,-59.43,-63.02,-59.93,-61.03,-51.62,-50.97,-48.43,-52.15,-70.05,-52.1
state,Arizona,0,1,8,4,-3,5,2,5,1,3,2,1,-2,-7,-10,0,-4,-3,-2,-3,-7,-14,-20,-18,-26,-24,-37,-54,-77,-93,-95.55,-97.96,-99.95,-99.96,-100,-99.94,-100,-99.9,-99.96,-100,-100,-99.96,-100,-100,-99.99,-100,-99.95,-100,-100,-100,-100,-100,-100,-100,-100,-100,-100,-100,-100,-100,-99.98,-100,-100,-100,-99.78,-100,-100,-100,-100,-100,-99.99,-100,-100,-100,-100,-100,-100,-100,-100,-100,-100,-100,-100,-76.75,-79.94,-78.98,-76.78,-73.65,-72.46,-72.66,-74.35,-71.06,-71.09,-65.36,-61.67,-59.9,-62.61,-60.81,-55.73,-54.41,-52.28,-48.03,-48.28,-61.97,-59.79,-55.8,-54.65,-50.97,-49.61,-47.03,-46.79,-37.36,-48.09,-48.15,-41.72,-41.04,-45.5,-69.29,-47.39
state,Baja California Sur,-6,-2,-2,-9,1,1,29,6,9,10,-18,-13,-15,3,-17,0,0,-8,-8,-11,-17,-20,-17,-12,-23,-34,-29,-33,-42,-44,-56.15,-73.34,-83.7,-92.61,-96.23,-97.54,-97.56,-97.53,-97.85,-97.82,-98.7,-99.45,-99.02,-99.89,-99.29,-99.69,-99.63,-100,-100,-100,-99.91,-100,-100,-100,-100,-100,-100,-100,-100,-100,-100,-100,-100,-100,-100,-100,-100,-100,-100,-100,-100,-100,-100,-100,-100,-100,-100,-100,-100,-100,-100,-100,-100,-99.74,-98.25,-97.43,-99.03,-93.22,-99.3,-100,-100,-100,-98.93,-97.1,-96.14,-96.44,-97.99,-97.54,-99.11,-99.91,-98.22,-99.85,-99.92,-100,-99.38,-99.66,-98.92,-97.71,-96.57,-98.41,-98.78,-97.47,-96.74,-95.66,-97.26,-96.66,-96.7,-98.84,-92.29
state,British Columbia,8,-3,1,6,3,-2,-3,-5,0,-4,-2,-2,-8,-11,-7,-4,-6,-6,-11,-6,-3,-15,-13,-21,-30,-30,-38,-54,-92,-97,-99.58,-99.81,-99.96,-100,-100,-100,-100,-100,-100,-100,-100,-100,-100,-100,-100,-100,-100,-100,-100,-100,-100,-100,-100,-100,-100,-100,-100,-100,-100,-100,-100,-100,-100,-100,-100,-100,-100,-100,-100,-100,-100,-100,-100,-100,-100,-100,-100,-100,-100,-100,-100,-100,-100,-100,-100,-99.81,-99.87,-100,-99.92,-100,-99.96,-87.91,-88.5,-86.19,-86.39,-84.37,-84.29,-97.17,-73.69,-70.41,-71.85,-72.54,-73.62,-71.33,-66.99,-71.41,-63.96,-65.55,-62.53,-60.92,-58.01,-63.14,-67.85,-63.93,-62.36,-62.27,-58,-72.74,-68.38
state,California,-2,2,5,0,-2,7,3,6,4,3,5,9,-3,-6,-4,-3,-10,-8,-5,-5,-18,-27,-23,-38,-42,-47,-55,-70,-96,-99,-99.74,-99.99,-99.99,-99.99,-100,-99.99,-100,-100,-99.99,-100,-100,-99.98,-100,-100,-100,-100,-100,-100,-100,-100,-99.98,-100,-100,-100,-100,-100,-100,-99.98,-100,-100,-100,-100,-100,-100,-100,-100,-100,-100,-100,-100,-100,-100,-100,-100,-100,-100,-100,-100,-100,-99.98,-99.97,-99.98,-99.97,-99.95,-99.94,-99.89,-99.75,-99.63,-99.63,-99.67,-99.59,-99.62,-99.29,-99.19,-97.58,-96.3,-94.98,-93.35,-92.18,-90.97,-90.34,-87.68,-86.13,-85.93,-89.6,-88.14,-85.19,-85.05,-78.86,-76.98,-76.22,-78.72,-77.65,-75.19,-72.68,-69.99,-68.92,-79.07,-71.96
state,Colorado,1,-8,-4,7,1,-8,-2,-4,-1,-2,0,22,26,-1,-6,-6,-4,-8,-10,-6,-13,-17,-8,-17,-41,-45,-52,-66,-98,-100,-100,-100,-100,-100,-100,-100,-100,-100,-100,-100,-100,-100,-100,-100,-100,-100,-100,-100,-100,-100,-100,-100,-100,-99.97,-100,-100,-100,-100,-100,-100,-100,-100,-100,-100,-100,-99.9,-100,-100,-100,-100,-100,-100,-100,-99.88,-100,-100,-99.93,-99.93,-99.99,-99.8,-99.97,-99.96,-100,-99.91,-99.86,-99.88,-99.6,-99.61,-99.67,-99.8,-99.84,-99.78,-99.63,-99.7,-99.75,-99.56,-99.05,-95.6,-94.24,-87.58,-83.29,-78.67,-80.61,-77.33,-74.31,-75.56,-71.98,-72.42,-65.12,-66.74,-64.56,-70.53,-66.35,-60.11,-56.71,-54.77,-55.9,-69.18,-57.77
state,Connecticut,8,26,1,-3,-6,2,-2,6,9,-8,-1,4,13,13,-9,-6,-7,-8,-8,0,-12,-20,-20,-43,-50,-58,-57,-55,-100,-100,-100,-100,-100,-100,-100,-100,-100,-100,-100,-100,-100,-100,-100,-100,-100,-100,-100,-100,-100,-100,-100,-100,-100,-100,-100,-100,-100,-100,-100,-100,-100,-100,-100,-100,-100,-100,-100,-100,-100,-100,-100,-100,-100,-100,-100,-100,-100,-100,-100,-100,-100,-100,-100,-98.75,-100,-100,-99.87,-99.65,-96.36,-95.77,-97.19,-99.28,-81.13,-81.62,-80.38,-92.84,-75.66,-62.32,-64.42,-62.86,-82.9,-80.46,-71.94,-62.79,-65.45,-74.14,-72.68,-59.84,-76.72,-63.81,-46.11,-50.09,-55.14,-56.5,-82.82,-56.99,-59.01,-72.23,-61.66
state,District of Columbia,-5,55,8,0,8,15,11,8,8,1,3,2,5,0,-9,7,-5,-6,0,0,-10,-18,-22,-38,-44,-44,-55,-77,-100,-100,-100,-100,-100,-100,-100,-100,-100,-100,-100,-100,-100,-100,-100,-100,-100,-100,-100,-100,-100,-100,-100,-100,-100,-100,-100,-100,-100,-100,-100,-100,-100,-100,-100,-100,-100,-100,-100,-100,-100,-100,-100,-100,-100,-100,-100,-100,-100,-100,-100,-100,-100,-100,-100,-100,-100,-100,-99.98,-99.96,-97.25,-97.72,-97.93,-96.79,-97.75,-96.89,-98.5,-99.13,-98.77,-98.73,-99.23,-97.13,-98.29,-95.19,-92.95,-92.66,-97.27,-98.12,-96.83,-96.01,-95.31,-91.06,-88.47,-90.88,-92.57,-93.24,-91.39,-88.27,-86.25,-89.11,-91
state,Florida,0,-3,-4,-5,2,2,2,5,3,4,2,0,-5,-10,-10,-8,-7,-5,-2,-5,-18,-18,-18,-23,-28,-31,-38,-47,-76,-84,-89.64,-97.11,-99.97,-99.99,-99.99,-100,-100,-100,-100,-100,-100,-100,-100,-100,-100,-100,-100,-100,-100,-100,-100,-100,-100,-100,-100,-100,-100,-100,-100,-100,-100,-100,-100,-100,-100,-100,-100,-99.99,-100,-100,-100,-100,-100,-100,-100,-100,-92.08,-92.75,-92.16,-91.3,-88.22,-89.26,-89.26,-87.16,-83.84,-83.05,-82.71,-81.29,-79.93,-80.44,-82.49,-77.09,-74.16,-71.62,-67.68,-66.35,-70.22,-70.33,-68.51,-62.98,-62.37,-57.56,-54.68,-60.5,-65.91,-64.34,-61.72,-58.19,-51.6,-51.92,-49.9,-55.38,-50.43,-51.02,-48.54,-40.73,-43.28,-64.71,-47.6
state,Georgia,0,4,-6,-5,-2,-9,-9,2,-4,-4,2,-3,8,-12,-21,-17,-12,-3,-2,7,-4,-15,-17,-23,-34,-36,-47,-66,-88,-93,-95.43,-97.63,-98.89,-99.72,-99.82,-99.99,-100,-100,-100,-100,-100,-100,-100,-99.83,-100,-100,-100,-100,-100,-100,-100,-100,-100,-100,-100,-100,-100,-99.79,-99.8,-99.77,-100,-100,-100,-100,-100,-100,-100,-100,-100,-98.04,-97.91,-98.46,-97.85,-96.88,-96.87,-97.18,-96.34,-96.73,-96.32,-93.92,-93.74,-92.02,-91.61,-93.77,-92.28,-91.01,-89.5,-84.52,-83.71,-85.49,-89.02,-85.64,-85.73,-83.19,-76.91,-75.06,-78.01,-71.24,-79.37,-79.37,-76.13,-71.13,-72.7,-74.54,-78.2,-76.91,-75.68,-72,-69.08,-62.17,-66.22,-71.89,-69.56,-66.16,-61.37,-54.98,-54.06,-77.08,-59.62
state,Hawaii,0,2,4,5,4,3,2,-1,9,6,4,-2,-2,-2,-5,-4,-5,-8,-6,-9,-8,-10,-11,-15,-14,-19,-26,-31,-47,-71,-82.86,-97.23,-98.74,-99.34,-99.8,-99.92,-100,-100,-100,-100,-100,-100,-100,-100,-100,-100,-100,-100,-100,-100,-100,-100,-100,-100,-100,-100,-100,-100,-100,-100,-100,-100,-100,-100,-100,-100,-100,-100,-100,-100,-100,-100,-100,-100,-100,-100,-100,-100,-100,-100,-100,-100,-100,-99.72,-99.99,-99.96,-99.91,-100,-99.99,-99.98,-99.88,-99.96,-100,-99.91,-99.96,-99.98,-99.94,-100,-100,-99.96,-99.87,-99.88,-100,-99.39,-98.67,-98.73,-98.31,-97.73,-91.93,-92.01,-93.62,-94.59,-95.27,-93.72,-92.77,-90.65,-90.27,-93.8,-94.79
state,Illinois,-4,4,-2,-3,6,11,-5,-14,-14,-9,-6,0,2,-13,-12,-3,-5,-7,4,4,-21,-18,-22,-26,-35,-47,-51,-61,-100,-100,-99.99,-100,-100,-100,-99.99,-100,-100,-100,-100,-100,-100,-100,-100,-100,-100,-100,-100,-100,-100,-100,-100,-100,-100,-100,-100,-100,-100,-100,-100,-100,-100,-100,-100,-100,-100,-100,-100,-100,-100,-100,-100,-100,-100,-100,-100,-100,-100,-100,-100,-100,-100,-100,-100,-99.93,-99.96,-99.88,-99.98,-99.92,-99.95,-99.96,-100,-99.93,-99.96,-100,-99.97,-99.96,-99.88,-100,-100,-100,-99.98,-93.99,-92.58,-93.37,-96.28,-93.28,-91.2,-88.09,-85.47,-83.1,-79.99,-84.47,-93.53,-86.11,-74.88,-77.48,-77.17,-83.77,-77.61
state,Indiana,21,13,-15,-8,3,13,6,3,-5,-8,-1,4,18,1,-3,3,5,1,4,4,-17,-11,-16,-29,-34,-48,-51,-67,-96,-97,-100,-100,-100,-100,-100,-100,-100,-100,-100,-100,-100,-100,-100,-100,-100,-100,-100,-100,-100,-100,-100,-100,-100,-100,-100,-100,-100,-100,-100,-100,-100,-100,-100,-100,-100,-100,-100,-100,-100,-100,-100,-100,-100,-100,-100,-100,-100,-100,-100,-100,-99.63,-100,-99.59,-83.82,-88.13,-85.29,-82.81,-79.85,-79.17,-83.65,-78.4,-76.13,-78.02,-74.39,-69.46,-73.17,-66.95,-53.98,-67.42,-64.77,-63.5,-63.94,-63.57,-69.24,-67,-64.96,-61.74,-55.99,-52.96,-53.74,-56.29,-55.35,-57.33,-53.35,-48.19,-36.79,-38.61,-70.96,-44.81
state,Jalisco,8,9,0,5,-6,2,-9,-4,-13,-16,-15,-12,-6,-18,-15,-23,-13,-12,-2,-4,-23,-19,-2,-6,-17,-20,-38,-57,-73,-81,-71.24,-83.52,-91.88,-94.79,-95.17,-96.34,-97.65,-98.35,-96.33,-95.43,-98.93,-98.43,-97.07,-97.44,-98.81,-98.8,-98.46,-99.45,-96.44,-99.03,-99.34,-100,-99.78,-99.26,-99.45,-100,-99.22,-99.86,-99.6,-99.04,-99.12,-99.18,-100,-98.6,-99.12,-99.37,-99.26,-98.74,-99.7,-98.74,-98.85,-99.14,-98.06,-97.99,-99.09,-97.1,-95.82,-94.27,-98.36,-95.85,-98.38,-94.63,-86.29,-96.23,-95.64,-96.05,-90.91,-88.96,-92.02,-91.33,-87.56,-85.34,-85.07,-82.96,-80.15,-83.46,-85.81,-86.94,-78.33,-82.66,-77.29,-79.38,-74.27,-77.69,-75.64,-73.25,-74.27,-76.09,-65.97,-68.09,-69.69,-68.21,-81.4,-78.04,-71.11,-67.72,-70.5,-80.53,-75.83
state,Kansas,39,2,-14,-11,-4,-6,-12,-3,5,-20,-14,2,69,-13,-14,-8,-10,-10,-8,-9,-21,-6,-9,-1,-35,-39,-55,-67,-79,-94,-99.11,-98.83,-99.32,-99.78,-99.33,-99.6,-100,-100,-100,-100,-100,-100,-100,-100,-100,-100,-100,-100,-100,-100,-100,-100,-100,-100,-100,-100,-100,-100,-100,-100,-100,-100,-100,-100,-100,-100,-100,-100,-100,-100,-100,-100,-100,-100,-100,-100,-97.79,-98.68,-97.86,-98.69,-96.23,-97.61,-98.53,-87.04,-89.7,-88.14,-85.75,-83.49,-81.47,-87.7,-81.79,-79.91,-79.42,-76.49,-69.17,-73.37,-78.19,-74.26,-63.73,-67.29,-73.48,-56.09,-54.14,-67.96,-61.22,-64.94,-58.33,-62.05,-46.15,-42.35,-51.91,-59.02,-60.73,-52.98,-57.88,-45.54,-47.35,-78.4,-53.68
state,Kentucky,11,14,2,6,11,-2,2,-7,-14,-8,0,17,19,-5,0,-6,4,-3,1,3,-17,-21,-20,-26,-30,-46,-55,-74,-100,-100,-100,-100,-99.17,-97.97,-98.27,-97.77,-97.98,-98.2,-98.91,-97.93,-100,-99.34,-98.07,-100,-98.57,-96.86,-97.43,-97.8,-100,-98.85,-96.69,-100,-97.54,-97.16,-100,-100,-98.41,-96.79,-95.44,-97.52,-96.63,-97.31,-100,-96.98,-96.46,-97.37,-96.08,-96.99,-98.67,-100,-100,-100,-98.27,-97.21,-96.71,-100,-100,-97.66,-98.53,-96.4,-95.72,-96.67,-100,-100,-100,-98.57,-99.72,-100,-98.95,-98.13,-98.79,-99.93,-96.67,-95.3,-71.91,-73.85,-71.09,-64.23,-75.21,-75.75,-67.09,-68.54,-67.39,-61.89,-69.58,-74.24,-67.05,-64.62,-59.58,-57.22,-55.33,-60.43,-63.68,-58.36,-48.61,-49.84,-47.7,-70.47,-55.1
state,Louisiana,-6,2,9,10,2,11,80,78,4,-15,-10,-1,-19,-42,-53,-25,6,5,5,-2,-8,-13,-16,-23,-28,-34,-50,-55,-100,-100,-99.98,-100,-99.99,-100,-100,-100,-100,-100,-100,-100,-100,-99.99,-100,-100,-100,-99.99,-100,-100,-100,-100,-100,-100,-100,-100,-100,-100,-100,-100,-100,-100,-100,-100,-100,-100,-99.99,-100,-100,-100,-100,-100,-100,-100,-100,-100,-99.98,-100,-100,-99.94,-100,-99.85,-99.92,-99.95,-100,-100,-99.93,-99.56,-99.89,-92.02,-86.08,-86.9,-87.33,-84.73,-81.15,-78.95,-78.51,-79.59,-80.57,-85.61,-77.63,-70.92,-69.62,-64.37,-69.24,-72.53,-77.8,-74.49,-67.1,-62.1,-60,-66.05,-87.69,-79.89,-66.96,-62.76,-59.23,-53.32,-52.02,-69.81,-55.59
state,Maryland,6,70,4,1,8,8,8,-3,-8,-1,10,0,25,-5,-4,11,-5,2,-2,-1,-6,-18,-21,-33,-37,-59,-67,-71,-100,-100,-100,-100,-100,-100,-100,-100,-100,-100,-100,-100,-100,-100,-100,-100,-100,-100,-100,-100,-100,-100,-100,-100,-100,-100,-100,-100,-100,-100,-100,-100,-100,-100,-100,-100,-100,-100,-100,-100,-100,-100,-100,-100,-100,-100,-100,-100,-100,-100,-100,-100,-100,-100,-100,-100,-100,-100,-99.82,-99.94,-99.97,-100,-99.17,-99.52,-98.86,-98.31,-98.62,-99.19,-99.6,-99.92,-99.61,-99.13,-99.23,-96.41,-93.74,-94.41,-91.57,-92.32,-89.33,-89.97,-92.52,-85.64,-82.92,-81.32,-84.65,-86.83,-87.53,-77.2,-78.46,-86.85,-75.06
state,Massachusetts,0,7,5,-7,-1,11,4,1,1,5,-2,26,-1,13,-4,-5,4,-6,-5,13,-13,-22,-25,-41,-52,-41,-53,-76,-100,-100,-100,-100,-100,-100,-100,-100,-100,-100,-100,-100,-100,-100,-100,-100,-100,-100,-100,-100,-100,-100,-100,-100,-100,-100,-100,-100,-100,-100,-100,-100,-100,-100,-100,-100,-100,-100,-100,-100,-100,-100,-100,-100,-100,-100,-100,-100,-100,-100,-100,-100,-100,-100,-100,-100,-99.96,-99.89,-99.88,-99.82,-99.85,-99.85,-99.78,-99.94,-99.93,-99.89,-99.85,-100,-99.99,-100,-99.96,-99.96,-99.88,-99.96,-100,-99.46,-99.67,-99.54,-99.75,-99.65,-99.54,-99.09,-99.07,-86.94,-85.31,-82.3,-89.56,-78.72,-77.24,-82.83,-77.56
state,Mexico City,-8,-9,-1,-2,0,2,0,-2,-10,-8,-8,-9,-9,-9,-9,-4,-9,-8,-1,-10,-29,-17,-18,-16,-16,-20,-36,-46,-48,-67,-85.54,-88.69,-93.5,-96.55,-96.03,-95.59,-96.33,-97.12,-96.79,-97.08,-98.28,-97.15,-98.85,-99.64,-100,-99.99,-100,-100,-100,-100,-100,-100,-100,-100,-100,-100,-100,-100,-100,-100,-100,-100,-99.88,-100,-100,-100,-100,-100,-100,-100,-100,-100,-100,-100,-100,-100,-100,-100,-100,-100,-100,-100,-100,-99.88,-99.72,-99.93,-99.7,-99.97,-99.68,-99.97,-99.88,-100,-99.84,-99.71,-99.94,-99.91,-99.91,-99.89,-100,-100,-99.41,-99.85,-99.71,-100,-99.7,-100,-99.82,-99.92,-100,-99.96,-100,-99.95,-99.96,-99.96,-99.95,-99.94,-99.95,-100,-99.83
state,Michigan,-12,0,-9,-12,0,18,1,-8,-27,-19,-12,-6,-4,4,-13,-1,-4,-9,6,1,-14,-10,-18,-21,-43,-49,-54,-78,-100,-100,-100,-100,-100,-100,-100,-100,-100,-100,-100,-100,-100,-100,-100,-100,-100,-100,-100,-100,-100,-100,-100,-100,-100,-100,-100,-100,-100,-100,-100,-100,-100,-100,-100,-100,-100,-100,-100,-100,-100,-100,-100,-100,-100,-100,-100,-100,-100,-100,-100,-100,-100,-100,-100,-100,-99.7,-100,-99.94,-99.99,-99.91,-99.94,-100,-100,-100,-100,-98.51,-98.44,-97.81,-98.32,-98.82,-98.5,-98.68,-98.26,-98.11,-96.31,-96.56,-95.62,-96.66,-95.42,-94.02,-92.43,-92.07,-59.26,-67.37,-68.73,-60.93,-58.2,-56.3,-76.45,-57.02
state,Minnesota,-11,51,-15,-9,17,22,2,19,-1,7,33,1,-1,-9,-2,-3,-17,-12,59,13,-17,-12,-18,-24,-30,-43,-51,-72,-98,-100,-100,-100,-100,-100,-100,-100,-100,-100,-100,-100,-100,-100,-100,-100,-100,-100,-100,-100,-100,-100,-100,-100,-100,-100,-100,-100,-100,-100,-100,-100,-100,-100,-100,-100,-100,-100,-100,-100,-100,-100,-100,-100,-100,-100,-100,-100,-100,-100,-100,-100,-100,-100,-100,-99.56,-99.63,-100,-99.89,-100,-99.38,-99.4,-99.49,-99.58,-99.46,-99.68,-99.72,-99.75,-99.75,-100,-98.52,-98.67,-98.83,-99.16,-99.14,-99.21,-75.06,-84.91,-76.04,-75.62,-75.08,-76.61,-70.59,-73.08,-87.06,-59.36,-52.37,-51.24,-51.25,-68.33,-50.32
state,Missouri,32,17,-1,3,1,-3,-7,-2,-11,-8,-13,2,72,8,0,-3,4,0,-5,-10,-13,-10,-12,-25,-29,-42,-45,-65,-88,-90,-97.25,-99.79,-99.98,-100,-100,-100,-100,-100,-100,-100,-100,-100,-100,-100,-100,-100,-100,-100,-100,-100,-100,-100,-100,-100,-100,-100,-100,-100,-100,-100,-100,-100,-100,-100,-100,-100,-100,-100,-100,-100,-100,-100,-100,-100,-99.81,-100,-99.05,-99.08,-98.66,-98.25,-97.36,-97.54,-97.83,-97.72,-97.59,-97.06,-97.19,-91.68,-89.11,-91.21,-86.32,-85.47,-84.5,-81.75,-75.59,-77.77,-79.55,-75.1,-76.04,-76.59,-75.77,-69.96,-73.47,-80.84,-77.26,-78.44,-78.5,-73.93,-68.42,-68.83,-67.91,-70.09,-69.17,-61.66,-63.38,-58.52,-57.74,-77.62,-61.52
state,Nebraska,30,8,6,-1,163,60,4,3,-16,-6,-15,5,-2,16,-14,1,-1,-18,-10,-4,-34,-11,-16,-2,-31,-32,-44,-59,-95,-100,-99.47,-99.88,-99.89,-99.75,-99.79,-99.88,-100,-100,-100,-100,-100,-100,-100,-100,-100,-100,-100,-100,-100,-100,-100,-100,-100,-100,-100,-100,-100,-100,-100,-100,-100,-100,-100,-100,-100,-100,-100,-100,-100,-100,-100,-100,-100,-100,-100,-100,-85.69,-93.49,-92.93,-91.09,-88.93,-88.94,-90.35,-92.35,-88.56,-89.66,-86.59,-84.27,-82.66,-85.69,-86.24,-85.11,-85.96,-79.65,-76.1,-75.75,-80.46,-73.11,-70.32,-74.77,-73.74,-68.85,-66.33,-81.36,-80.83,-79.16,-68.87,-69.34,-61.1,-65.44,-66.31,-54.54,-70.47,-60.95,-59.05,-58.72,-57.73,-75.91,-64.74
state,Nevada,-19,-18,-1,1,-4,8,1,-1,-14,-7,-6,-4,-15,-28,-27,-11,-10,-6,-6,-7,-11,-18,-12,-21,-31,-40,-37,-69,-94,-99,-100,-100,-100,-100,-100,-100,-100,-100,-100,-100,-100,-100,-100,-100,-100,-100,-100,-100,-100,-100,-100,-100,-100,-100,-100,-100,-100,-100,-100,-100,-100,-100,-100,-100,-100,-100,-100,-100,-100,-100,-100,-100,-100,-100,-100,-100,-100,-100,-100,-100,-100,-98.29,-97.5,-97.09,-96.66,-95.89,-95.03,-92.12,-90.13,-91.02,-93.14,-92.66,-88.74,-88.41,-88.28,-87.94,-89.47,-89.89,-88.23,-86.29,-87.33,-85.16,-84.84,-87.23,-88.8,-87.94,-85,-73.78,-63.69,-60.37,-60.45,-69.47,-65.46,-63.16,-56.19,-51.57,-46.77,-62.19,-61.39
state,New Jersey,3,70,-4,-2,3,12,6,-7,-9,-8,1,3,10,-5,-12,-2,-4,-16,-6,10,12,-4,-14,-26,-40,-44,-56,-72,-100,-100,-100,-100,-100,-100,-100,-100,-100,-100,-100,-100,-100,-100,-100,-100,-100,-100,-100,-100,-100,-100,-100,-100,-100,-100,-100,-100,-100,-100,-100,-100,-100,-100,-100,-100,-100,-100,-100,-100,-100,-100,-100,-100,-100,-100,-100,-100,-100,-100,-100,-100,-100,-100,-100,-99.93,-99.82,-99.87,-99.88,-99.85,-99.77,-99.86,-99.15,-99.04,-98.89,-98.72,-99.11,-98.37,-98.73,-99.96,-99.18,-99.3,-98.42,-98.97,-97.66,-97.87,-99.15,-99.28,-99.05,-99.32,-99.14,-98.79,-97.98,-99.68,-99.51,-99.29,-99.47,-99.64,-98.61,-99.17,-45.77
state,New Mexico,18,-3,5,8,-4,3,-3,-4,17,3,4,4,-2,-4,-7,-12,-19,-2,-10,-21,0,7,2,-10,-35,-40,-44,-47,-79,-89,-98.4,-100,-100,-100,-100,-100,-100,-100,-100,-100,-100,-100,-100,-100,-100,-100,-100,-100,-100,-100,-100,-100,-100,-100,-100,-100,-100,-100,-100,-100,-100,-100,-100,-100,-100,-100,-100,-100,-100,-100,-100,-100,-100,-100,-100,-100,-100,-100,-100,-100,-100,-100,-100,-99.31,-100,-100,-100,-100,-97.34,-99.36,-97.66,-99.39,-99.97,-98.84,-97.19,-99.26,-99.22,-100,-100,-99.45,-97.24,-96.5,-82.44,-81.31,-78.76,-80.58,-75.35,-73.88,-72,-68.51,-69.7,-66.9,-67.43,-69.14,-65.89,-62.49,-63.14,-79.32,-62.04
state,New South Wales,4,-7,-1,5,8,-5,4,3,-1,-11,4,8,5,-31,-11,-16,-9,-2,5,0,-16,3,-9,-12,-6,-9,0,-32,-57,-62,-52.18,-59.41,-52.6,-63.28,-100,-100,-100,-100,-100,-100,-100,-100,-100,-100,-100,-100,-100,-100,-100,-100,-100,-100,-100,-100,-100,-100,-100,-100,-100,-100,-100,-100,-100,-100,-100,-100,-100,-100,-100,-100,-100,-100,-100,-100,-100,-100,-100,-100,-100,-100,-100,-100,-100,-98.17,-97.55,-97.99,-99.96,-94.97,-94.35,-93.3,-91.28,-91.73,-89.73,-88.34,-86.8,-87.4,-85.14,-93.5,-87.52,-58.14,-80.11,-84.86,-84.36,-81.51,-28.63,-21.68,-21.71,-22.57,-10.26,-14.33,-17.29,-6.38,-31.17,-27.2,-9.68,-3.61,3.71,20.25,-20.84
state,New York,-1,11,1,-4,1,13,6,1,-1,-5,-2,-1,0,-7,-11,-9,-8,-14,-10,-2,-15,-27,-32,-49,-54,-36,-47,-58,-88,-100,-99.98,-99.96,-100,-100,-100,-100,-100,-100,-100,-100,-100,-100,-100,-100,-100,-100,-100,-100,-100,-100,-100,-100,-100,-100,-100,-100,-100,-100,-100,-100,-100,-100,-100,-100,-100,-100,-100,-100,-100,-100,-100,-100,-100,-100,-100,-100,-100,-100,-100,-100,-100,-100,-100,-99.98,-100,-100,-99.98,-99.97,-99.94,-99.95,-99.23,-99.36,-98.75,-99.11,-99.18,-98.64,-99.35,-99.66,-99.32,-98.79,-98.86,-99.24,-98.9,-98.88,-99.32,-99.33,-99.32,-98.94,-98.9,-98.41,-98.46,-99.14,-97.9,-95.58,-96.62,-92.77,-92.19,-94.19,-94.01
state,North Carolina,4,1,-30,-1,4,2,-9,1,5,-1,3,-3,2,-7,-9,-4,-7,-1,-2,-7,-4,-9,-14,-22,-28,-56,-63,-75,-93,-92,-100,-100,-100,-100,-100,-100,-100,-100,-100,-100,-100,-100,-100,-100,-100,-100,-100,-100,-100,-100,-100,-100,-100,-100,-100,-100,-100,-100,-100,-100,-100,-100,-100,-100,-100,-100,-100,-100,-100,-100,-100,-100,-100,-100,-100,-100,-100,-100,-100,-100,-100,-100,-100,-99.91,-99.92,-99.98,-99.96,-99.97,-99.7,-99.88,-100,-100,-99.88,-99.87,-90.52,-84.16,-84.45,-79.74,-84.37,-83.44,-80.87,-77.79,-74.25,-78.06,-82.28,-82.07,-79.67,-78.13,-74.15,-71.73,-70.93,-75.88,-73.15,-70.87,-68.49,-63.67,-63.2,-78.39,-71.21
state,Nuevo Leon,-12,-12,-10,4,9,10,0,-12,-10,1,-3,15,7,14,8,3,0,-2,14,-4,-16,-4,-15,-20,-26,-34,-57,-64,-86,-94,-96.82,-97.88,-98.68,-99.28,-98.16,-99.08,-98.98,-98.8,-99.61,-99.23,-100,-100,-98.98,-100,-99.49,-99.64,-99.59,-100,-99.19,-99.53,-99.68,-100,-99.67,-99.71,-100,-99.17,-100,-99.57,-99.52,-99.19,-99.51,-100,-100,-99.38,-100,-99.68,-99.64,-99.68,-100,-100,-100,-100,-100,-100,-100,-100,-100,-100,-100,-100,-100,-99.91,-99.43,-100,-100,-99.75,-99.36,-99.94,-98.97,-99.98,-100,-99.86,-100,-99.54,-99.68,-99.51,-99.96,-96.26,-94.85,-90.43,-91.96,-88.1,-87.06,-88.69,-89.27,-89.5,-86.91,-85.64,-80.3,-78.41,-84.24,-87.59,-81.82,-82,-76.88,-73.47,-74.61,-86.29,-84.06
state,Ohio,-8,1,-5,-7,-7,0,-8,-6,-22,-13,-15,-12,6,-7,-10,-6,-8,-13,-6,-6,-19,-19,-19,-29,-37,-51,-51,-100,-100,-100,-99.97,-100,-100,-100,-100,-100,-100,-100,-100,-100,-100,-100,-100,-100,-100,-100,-100,-100,-100,-100,-100,-100,-100,-100,-100,-100,-100,-100,-100,-100,-100,-100,-100,-100,-100,-99.99,-100,-100,-100,-100,-100,-100,-100,-100,-100,-100,-100,-100,-100,-100,-100,-100,-100,-99.84,-99.94,-99.96,-99.85,-97.17,-94.94,-96.96,-98.73,-97.67,-96.99,-77.28,-71.67,-69.68,-74.13,-73.48,-70.46,-64.45,-68.95,-64.41,-65,-73.03,-77.67,-70.65,-69.07,-65.57,-57.46,-54.97,-61.68,-66.6,-61.27,-63.17,-53.1,-46.92,-46.16,-75.49,-61.57
state,Oklahoma,51,13,-4,4,-2,-8,-5,3,40,1,2,8,40,-12,5,0,3,2,0,-10,0,-4,-7,1,-20,-29,-31,-53,-83,-70,-99.28,-99.29,-99.31,-100,-100,-99.9,-100,-100,-100,-100,-100,-100,-100,-100,-100,-100,-100,-100,-100,-100,-100,-100,-100,-100,-100,-100,-100,-100,-100,-100,-100,-100,-100,-100,-100,-100,-100,-100,-100,-100,-100,-100,-100,-90.79,-91.22,-91.09,-92.85,-92.77,-88.32,-86.79,-82.86,-82.54,-81.86,-85.04,-85.29,-79.15,-76.42,-72.86,-64.99,-73.4,-29.18,-75.65,-60.62,-70.08,-58.82,-65.18,-60.16,-69.01,-57.21,-58.27,-59.73,-48.13,-54.99,-52.74,-54.59,-54.16,-40.45,-40.43,-34.52,-31.53,-30.58,-39.53,-33.1,-19.14,-19.03,-23.44,-23.55,-61.91,-45.71
state,Ontario,-16,-4,-6,-7,-5,14,-2,-6,5,-21,-15,-8,-9,-9,-6,-1,-2,-14,-7,0,-20,-23,-25,-35,-45,-48,-53,-66,-100,-100,-100,-100,-100,-100,-100,-100,-100,-100,-100,-100,-100,-100,-100,-100,-100,-100,-100,-100,-100,-100,-100,-100,-100,-100,-100,-100,-100,-100,-100,-100,-100,-100,-100,-100,-100,-100,-100,-100,-100,-100,-100,-100,-100,-100,-100,-100,-100,-100,-100,-100,-100,-100,-100,-99.99,-100,-99.98,-99.88,-99.94,-99.29,-99.3,-99.58,-98.82,-98.41,-99.19,-99.49,-99.27,-98.32,-99.99,-98.95,-98.35,-99.05,-99.52,-99.11,-98.85,-99.22,-98.74,-99.09,-98.73,-99.4,-99.3,-98.94,-99.55,-99.15,-99.45,-98.67,-96.23,-95.65,-96.17,-94.85
state,Oregon,4,-1,4,9,7,20,12,-1,15,3,-3,3,6,8,-8,-3,-3,-4,-7,0,-15,-13,-22,-33,-40,-47,-55,-61,-99,-100,-100,-100,-100,-100,-100,-100,-100,-100,-100,-100,-100,-100,-100,-100,-100,-100,-100,-100,-100,-100,-100,-100,-100,-100,-100,-100,-100,-100,-100,-100,-100,-100,-100,-100,-100,-100,-100,-100,-100,-100,-100,-100,-100,-100,-100,-100,-100,-100,-100,-100,-100,-100,-100,-99.93,-100,-99.69,-100,-98.62,-98.11,-97.71,-98.47,-97.9,-96.72,-95.9,-92.16,-92.43,-92.42,-89.76,-86.65,-86.46,-85.47,-83.63,-85.43,-84.46,-77.65,-80.17,-75.61,-74.16,-73.74,-74.99,-73.54,-73.56,-76.27,-74.61,-71.16,-74.27,-70.98,-81.96,-75.37
state,Pennsylvania,3,63,0,-3,1,3,0,-5,-3,-3,1,1,30,3,-6,0,2,-9,-3,2,-7,-18,-17,-35,-44,-51,-56,-68,-100,-100,-100,-100,-100,-100,-100,-100,-100,-100,-100,-100,-100,-100,-100,-100,-100,-100,-100,-100,-100,-100,-100,-100,-100,-100,-100,-100,-100,-100,-100,-100,-100,-100,-100,-100,-100,-100,-100,-100,-100,-100,-100,-100,-100,-100,-100,-100,-100,-100,-100,-100,-100,-100,-100,-99.99,-100,-100,-99.9,-99.72,-99.59,-99.84,-99.86,-99.99,-99.98,-99.95,-99.79,-99.73,-99.99,-100,-100,-100,-99.91,-99.62,-99.48,-98.68,-99.52,-98.86,-99.24,-99,-90.38,-86.25,-85.71,-85.23,-84.81,-85.45,-84.92,-76.59,-72.92,-82.2,-73.69
state,Quebec,6,9,-4,-5,5,29,14,20,-1,-11,-10,1,1,-26,-16,5,-3,-8,6,34,-4,-12,-20,-26,-48,-44,-46,-67,-94,-97,-98.9,-99.43,-99.64,-99.64,-100,-100,-100,-100,-100,-100,-100,-100,-100,-100,-100,-100,-100,-100,-100,-100,-100,-100,-100,-100,-100,-100,-100,-100,-100,-100,-100,-100,-100,-100,-100,-100,-100,-100,-100,-100,-100,-100,-100,-100,-100,-100,-100,-100,-100,-100,-100,-100,-100,-100,-100,-100,-99.89,-100,-100,-100,-100,-100,-100,-100,-100,-100,-100,-100,-100,-100,-100,-100,-100,-96.97,-98.94,-99.37,-98.93,-99.69,-99.16,-99.13,-98.51,-99.34,-99.43,-99.23,-98.78,-99.36,-99.61,-99.29,-94.21
state,Queensland,5,2,0,4,2,4,9,7,3,7,6,-8,10,-1,-1,-2,-5,-3,-7,-3,-6,0,-3,-18,9,-4,4,-18,-22,-32,-38.7,-36.37,-43.83,-55.44,-100,-100,-100,-100,-100,-100,-100,-100,-100,-100,-100,-100,-100,-100,-100,-100,-100,-100,-100,-100,-100,-100,-100,-100,-100,-100,-100,-100,-100,-100,-100,-100,-100,-100,-100,-100,-100,-100,-100,-100,-100,-100,-100,-100,-100,-100,-100,-100,-100,-96.99,-99.24,-97.33,-97.66,-98.62,-89.26,-87.81,-91.44,-88.19,-85.77,-85.41,-85.19,-86.25,-83.18,-93.89,-79.78,-67.12,-75.79,-81.13,-82.29,-78.29,-77.96,-67.88,-53.97,-54.53,-40.29,-43.7,-42.13,-57.32,-45.43,-34.94,-26.27,-9.06,-15.48,-14.9,-17.96
state,Quintana Roo,2,0,-6,-7,2,-1,-2,2,-5,3,-3,6,-8,-14,-16,-17,2,-4,-8,-5,-11,-25,-17,-16,-14,-19,-22,-31,-45,-59,-57,-71.19,-80.18,-90.71,-89.89,-93.51,-95.85,-97.74,-97.23,-97.24,-98.49,-99.37,-99.48,-98.74,-99.17,-99.1,-99.35,-99.74,-98.24,-98.81,-99.39,-100,-99.43,-99.31,-99.19,-99.72,-99.73,-99.88,-99.97,-99.85,-99.83,-99.95,-99.89,-100,-100,-99.88,-100,-100,-100,-100,-100,-100,-100,-100,-100,-100,-100,-100,-100,-100,-100,-100,-100,-100,-99.95,-100,-100,-100,-99.61,-100,-99.97,-99.94,-99.86,-99.9,-100,-100,-100,-100,-99.97,-100,-100,-99.4,-100,-99.97,-99.66,-100,-100,-99.65,-99.4,-99.98,-99.97,-92.47,-94.31,-92.56,-91.09,-86.74,-83.88,-89.77,-88.31
state,Rhode Island,8,0,7,-15,-6,24,14,-13,-13,-9,-2,21,-11,18,-1,7,-12,-2,-7,26,17,-16,-15,-31,-41,-48,-50,-53,-100,-100,-100,-100,-100,-100,-100,-100,-100,-100,-100,-100,-100,-100,-100,-100,-100,-100,-100,-100,-100,-100,-100,-100,-100,-100,-100,-100,-100,-100,-100,-100,-100,-100,-100,-100,-100,-100,-100,-100,-100,-100,-100,-100,-100,-100,-100,-100,-100,-100,-100,-100,-100,-100,-100,-100,-100,-100,-100,-100,-97.85,-95.15,-85.3,-85.55,-73.78,-59.18,-63.04,-88.24,-69.55,-58.02,-33.23,-33.57,-50.26,-69.94,-61.16,-41.93,-11.46,-42.6,-26.72,-1.87,-40.64,-29.02,-5.91,10.43,9.18,7.16,-29.29,-9.78,-12.17,-30.76,1.5
state,South Carolina,8,-2,-11,0,10,4,3,2,6,8,11,5,8,1,-8,-7,-7,3,3,-5,-7,-14,-7,-16,-19,-21,-31,-48,-70,-100,-100,-100,-100,-100,-100,-100,-100,-100,-100,-100,-100,-100,-100,-100,-100,-100,-100,-100,-100,-100,-100,-100,-100,-100,-100,-100,-100,-100,-100,-100,-100,-100,-100,-100,-100,-100,-100,-100,-100,-100,-100,-100,-100,-100,-100,-100,-94.44,-95.29,-94.25,-94.35,-94.39,-90.57,-88.99,-85.71,-83.57,-77.64,-76.35,-69.32,-66.81,-67.61,-72.77,-71.85,-68.64,-62.95,-57.91,-57.78,-62.22,-56.11,-57.07,-61.79,-63.16,-56.09,-55.73,-68.4,-58.48,-51.13,-51.1,-51.16,-51.33,-44.98,-52.21,-49.28,-44.44,-47.94,-46.04,-44.84,-41.94,-63.76,-43.74
state,Tennessee,1,8,-9,3,7,-14,-9,-7,-11,-1,0,-2,-6,-6,-16,-1,-4,-1,2,-7,-17,-16,-22,-28,-34,-41,-46,-60,-86,-92,-93.83,-98.04,-99.31,-99.61,-100,-100,-100,-100,-100,-100,-100,-100,-100,-100,-100,-100,-100,-100,-100,-100,-100,-100,-100,-100,-100,-100,-100,-100,-100,-100,-100,-100,-100,-100,-100,-100,-100,-100,-100,-96.91,-97.63,-97.11,-97.54,-95.2,-96.04,-96.05,-92.67,-93.44,-91.92,-91.7,-90.2,-88.42,-87,-85.56,-87.49,-84.79,-84.19,-79.36,-78.09,-82.38,-79.54,-78.24,-76.61,-75.02,-71.49,-73.34,-76.08,-68.46,-72.21,-71,-67.93,-62.34,-62.85,-69.34,-70.4,-70.38,-67.38,-67.43,-61.06,-62.92,-65.01,-69.39,-62.97,-58.01,-58.12,-51.12,-49.94,-74.21,-59.66
state,Texas,0,-6,0,2,1,-3,0,9,0,0,4,6,7,-2,-9,-8,1,2,-3,-5,-21,-14,-14,-25,-35,-34,-42,-58,-90,-95,-99.03,-99.33,-100,-100,-100,-100,-99.9,-100,-100,-100,-100,-100,-100,-99.96,-99.97,-100,-100,-100,-100,-99.95,-100,-100,-99.89,-99.96,-100,-99.95,-100,-100,-100,-99.95,-100,-100,-100,-100,-100,-100,-100,-99.96,-100,-99.92,-99.89,-99.99,-99.65,-85.47,-87.47,-89.14,-89.81,-86.09,-87.8,-87.43,-82.47,-82.68,-83.05,-83.04,-84.01,-82.79,-80.88,-77.11,-74.98,-75.03,-79.08,-76.76,-73.17,-69.25,-64.16,-63.16,-67.35,-60.81,-64.45,-61.94,-61.99,-54.89,-54.87,-58.94,-64.19,-63.89,-56.84,-55.14,-49.17,-46.21,-49.15,-59.1,-55.26,-51.19,-49.69,-43.78,-44.93,-68.69,-52.5
state,Utah,0,3,2,4,5,4,4,13,15,1,1,-1,-12,-13,-6,-5,-3,8,0,-13,-18,-19,-11,-19,-28,-34,-53,-69,-69,-82,-100,-100,-100,-100,-100,-100,-100,-100,-100,-100,-100,-100,-100,-100,-100,-100,-100,-100,-100,-100,-100,-100,-100,-100,-100,-100,-100,-100,-100,-100,-100,-100,-100,-100,-100,-100,-100,-100,-100,-100,-100,-100,-100,-98.44,-97.8,-98.16,-95.86,-94.04,-95.33,-93.92,-91.13,-91.58,-91.3,-90.21,-87.84,-88.09,-88.24,-82.56,-81.83,-83.25,-83.9,-82.81,-82.53,-80.2,-75.84,-75.9,-78.14,-79.73,-74.13,-74.31,-74.96,-71.74,-72.64,-80.25,-77.94,-72.68,-74.77,-67.83,-63.03,-62.68,-58.36,-70.36,-66.34,-63.59,-60.44,-56.61,-52.93,-68.5,-55.95
state,Victoria,-10,-7,-5,-7,-5,-2,-7,-6,-8,-12,-7,-4,-1,-13,-4,-17,-12,-13,-10,-8,-11,-9,-14,-8,-18,-19,-28,-35,-43,-51,-63.64,-57.8,-62.69,-72.09,-99.48,-100,-100,-100,-100,-100,-100,-100,-100,-100,-100,-100,-100,-100,-100,-100,-100,-100,-100,-100,-100,-100,-100,-100,-100,-100,-100,-100,-100,-100,-100,-100,-100,-100,-100,-100,-100,-100,-100,-100,-100,-100,-100,-100,-100,-100,-100,-100,-100,-99.29,-99.9,-99.3,-98.9,-98.7,-98.08,-99.33,-99.18,-99.12,-100,-99.59,-99.22,-99.24,-99.01,-100,-98.75,-98.93,-98.67,-99.86,-98.61,-99.91,-33.79,-45.86,-43.2,-40.28,-44.03,-51.97,-57.58,-57.86,-32.07,-27.2,-26.52,-34.17,-43.07,-39.56,-30.82
state,Virginia,6,58,-1,-3,6,7,2,2,-5,-3,8,-3,14,-4,-1,-1,-2,5,2,3,-4,-13,-23,-34,-34,-39,-50,-65,-90,-97,-98.39,-99.16,-99.25,-99.63,-99.73,-99.76,-99.79,-99.78,-99.87,-99.91,-99.88,-100,-100,-100,-99.75,-99.86,-99.88,-100,-100,-100,-100,-100,-99.89,-99.91,-99.78,-99.76,-99.8,-99.84,-99.79,-99.84,-99.9,-99.9,-99.73,-99.78,-99.87,-99.79,-99.84,-99.89,-99.83,-99.67,-99.8,-99.77,-99.7,-99.86,-99.88,-99.82,-100,-99.76,-99.8,-99.78,-99.88,-99.91,-99.88,-99.7,-99.58,-99.84,-99.72,-96.59,-96.62,-96.27,-99.15,-98.95,-98.96,-98.31,-96.04,-94.82,-95.5,-95.32,-94.91,-95.37,-95.77,-91.9,-89.15,-86.48,-91.6,-91.29,-90.08,-90.95,-86.24,-81.49,-80.2,-84.27,-85.77,-83.08,-81.66,-67.68,-62.9,-80.59,-75.59
state,Washington,9,8,6,3,2,10,-1,-2,5,0,1,-4,-12,-25,-21,-17,-22,-24,-27,-22,-30,-38,-41,-45,-53,-54,-57,-70,-100,-100,-100,-100,-100,-100,-100,-100,-100,-100,-100,-100,-100,-100,-100,-100,-100,-100,-100,-100,-100,-100,-100,-100,-100,-100,-100,-100,-100,-100,-100,-100,-100,-100,-100,-100,-100,-100,-100,-100,-100,-100,-100,-100,-100,-100,-100,-100,-100,-100,-100,-100,-100,-100,-100,-99.98,-99.82,-99.87,-99.64,-99.72,-99.23,-99.09,-99.72,-99.14,-99.22,-99.02,-99.28,-98.81,-99.03,-98.31,-98.03,-98.1,-97.12,-95.96,-97.16,-97.27,-96.19,-95.61,-93.65,-94.43,-92.67,-91.51,-90.43,-88.82,-88.16,-84.19,-83.46,-81.03,-78.95,-86.07,-82.85
state,Wisconsin,3,21,-1,-3,14,25,0,9,-4,-1,9,3,5,8,9,12,-7,-7,-6,15,-10,1,0,-14,-26,-39,-47,-67,-96,-100,-100,-100,-100,-100,-100,-100,-100,-100,-100,-100,-100,-100,-100,-100,-100,-100,-100,-100,-100,-100,-99.81,-100,-100,-100,-100,-100,-100,-100,-100,-100,-100,-100,-100,-100,-100,-100,-100,-100,-100,-100,-100,-100,-100,-100,-100,-100,-100,-100,-100,-100,-100,-100,-100,-100,-100,-100,-100,-99.37,-97.33,-98.49,-98.71,-97.43,-94.96,-90.43,-88.7,-87.62,-85,-77.01,-81.49,-78.19,-83.38,-80.28,-80.02,-84.23,-85.7,-86.68,-80.95,-78.65,-72,-71.47,-70.51,-72.2,-78.05,-74.78,-62.45,-60.68,-59.71,-78.79,-59.5
city,Atlanta,6,9,-5,-5,-3,-7,-6,1,-3,-4,7,1,8,-17,-21,-11,-9,-2,1,13,1,-14,-14,-26,-35,-34,-44,-78,-93,-96,-96.8,-99.35,-100,-100,-100,-100,-100,-100,-100,-100,-100,-100,-100,-99.67,-100,-100,-100,-100,-100,-100,-100,-100,-100,-100,-100,-100,-100,-99.6,-99.61,-99.53,-100,-100,-100,-100,-100,-100,-100,-100,-100,-98.87,-98.14,-98.96,-98.47,-97.25,-97.59,-98.12,-96.83,-96.25,-96.65,-94.27,-94.43,-92.96,-94.09,-95.34,-93.06,-92.23,-90.65,-86.55,-86.71,-87.78,-90.59,-87.56,-86.96,-84.74,-79.66,-79.27,-81.32,-76.34,-82.38,-82.59,-79.37,-73.01,-81.18,-79.58,-86.14,-85.1,-84.04,-81.61,-80.54,-71.14,-71.39,-79.88,-77.51,-75.23,-70.99,-62.76,-62.06,-79.46,-71.94
city,Austin,0,-6,2,3,2,5,3,5,-3,0,8,9,2,0,-8,-11,-6,0,-13,-23,-41,-31,-30,-27,-35,-36,-54,-71,-99,-100,-100,-100,-100,-100,-100,-100,-99.28,-100,-100,-100,-100,-100,-100,-100,-100,-100,-100,-100,-100,-100,-100,-100,-99.26,-100,-100,-100,-100,-100,-100,-100,-100,-100,-100,-100,-100,-100,-100,-100,-100,-100,-100,-100,-100,-94.49,-95.85,-97.51,-97.01,-94.69,-95.88,-95.41,-93.13,-92.4,-93.46,-93.61,-94.7,-91.2,-90.93,-86.97,-86.54,-88.86,-90.78,-86.29,-83.7,-82.27,-79.26,-76.37,-76.95,-77.69,-77.31,-77.41,-73.46,-69.85,-67.48,-71.8,-80.01,-73.79,-71.89,-64.91,-58.56,-60.3,-59.98,-71.5,-67.96,-61.3,-59.05,-51.42,-51.67,-67.83,-66.05
city,Baltimore,10,42,12,-9,12,16,20,9,-4,-1,14,4,16,-19,-5,23,8,8,14,-4,-17,-34,-22,-30,-30,-39,-48,-75,-100,-100,-100,-100,-100,-100,-100,-100,-100,-100,-100,-100,-100,-100,-100,-100,-100,-100,-100,-100,-100,-100,-100,-100,-100,-100,-100,-100,-100,-100,-100,-100,-100,-100,-100,-100,-100,-100,-100,-100,-100,-100,-100,-100,-100,-100,-100,-100,-100,-100,-100,-100,-100,-100,-100,-100,-100,-100,-99.69,-99.95,-99.85,-100,-98.76,-99.82,-98.97,-97.56,-99.33,-99.73,-99.74,-100,-100,-99.88,-99.31,-96.5,-93.15,-95.99,-96.74,-94.05,-88.74,-88.45,-93.68,-85.51,-81.27,-81.52,-84.86,-83.54,-84.72,-79.53,-82.12,-86.85,-75.4
city,Boston,5,15,-3,-12,-2,14,5,3,1,12,1,22,1,1,-10,-4,11,7,-1,10,-14,-29,-30,-47,-56,-64,-70,-81,-100,-100,-100,-100,-100,-100,-100,-100,-100,-100,-100,-100,-100,-100,-100,-100,-100,-100,-100,-100,-100,-100,-100,-100,-100,-100,-100,-100,-100,-100,-100,-100,-100,-100,-100,-100,-100,-100,-100,-100,-100,-100,-100,-100,-100,-100,-100,-100,-100,-100,-100,-100,-100,-100,-100,-100,-99.97,-99.78,-99.96,-99.65,-99.75,-99.76,-99.82,-100,-99.9,-100,-99.99,-100,-99.99,-100,-99.96,-99.97,-99.75,-99.96,-100,-99.61,-99.85,-99.48,-99.6,-99.97,-99.58,-99.32,-99.34,-91.98,-90.88,-90.7,-93.41,-83.82,-80.97,-78.71,-84.93
city,Calgary,0,4,5,0,11,6,-4,1,-3,-4,3,4,-9,-11,-9,-4,-2,2,-10,-4,-11,-8,-7,-27,-48,-51,-54,-73,-96,-99,-99.28,-99.39,-99.7,-100,-100,-99.91,-99.97,-100,-99.96,-100,-100,-100,-100,-100,-100,-100,-100,-100,-100,-100,-100,-100,-100,-100,-100,-100,-100,-100,-100,-100,-100,-100,-100,-100,-100,-100,-100,-100,-100,-100,-100,-100,-100,-100,-100,-100,-100,-100,-100,-100,-100,-100,-100,-100,-100,-99.95,-99.85,-99.96,-99.94,-100,-100,-100,-100,-99.85,-100,-100,-100,-98.19,-83.52,-84.18,-81.79,-79.69,-79.9,-84.28,-70.13,-73.19,-70.16,-72.55,-69.58,-63.23,-72.49,-69.1,-70.05,-62.5,-57.75,-57.75,-60.53,-73.11,-55.71
city,Charlotte,1,-3,-27,-1,0,-11,-6,5,-3,4,13,0,6,-2,-8,-1,-7,4,-5,-10,-8,-12,-18,-30,-35,-34,-36,-68,-97,-100,-100,-100,-100,-100,-100,-100,-100,-100,-100,-100,-100,-100,-100,-100,-100,-100,-100,-100,-100,-100,-100,-100,-100,-100,-100,-100,-100,-100,-100,-100,-100,-100,-100,-100,-100,-100,-100,-100,-100,-100,-100,-100,-100,-100,-100,-100,-100,-100,-100,-100,-100,-100,-100,-99.91,-99.89,-100,-100,-100,-99.99,-100,-100,-100,-99.91,-99.89,-87.35,-77.9,-77.99,-73.79,-81.23,-81.96,-76.38,-72.45,-65.75,-71.74,-80.82,-78.43,-77.49,-75.76,-68.87,-65.47,-66.18,-78.2,-72.21,-69.82,-64.54,-53.8,-52.92,-73.83,-65.31
city,Chicago,-7,-3,-5,-4,7,11,-6,-16,-15,-8,-8,-3,1,-21,-16,-10,-11,-8,4,13,-25,-23,-27,-31,-37,-49,-53,-75,-100,-100,-99.98,-100,-99.99,-100,-99.98,-100,-100,-100,-100,-100,-100,-100,-100,-100,-100,-100,-100,-100,-100,-100,-100,-100,-100,-100,-100,-100,-100,-100,-100,-100,-100,-100,-100,-100,-100,-100,-100,-100,-100,-100,-100,-100,-100,-100,-100,-100,-100,-100,-100,-100,-100,-100,-100,-99.88,-99.92,-99.88,-99.96,-99.87,-99.98,-100,-100,-99.97,-100,-100,-99.94,-99.99,-100,-100,-100,-100,-99.96,-99.98,-99.95,-99.24,-99.43,-99.8,-95.64,-94.31,-92.89,-91.46,-85.94,-89.06,-95.76,-89.02,-82.3,-83.48,-80.18,-81.52,-83.74
city,Cincinnati,7,1,-6,-6,-8,-12,-8,-7,-33,-15,-16,-11,4,-5,-16,-9,-6,-21,-14,-23,-18,-13,-20,-19,-37,-52,-53,-100,-100,-100,-100,-100,-100,-100,-100,-100,-100,-100,-100,-100,-100,-100,-100,-100,-100,-100,-100,-100,-100,-100,-100,-100,-100,-100,-100,-100,-100,-100,-100,-100,-100,-100,-100,-100,-100,-100,-100,-100,-100,-100,-100,-100,-100,-100,-100,-100,-100,-100,-100,-100,-100,-100,-100,-99.65,-100,-99.98,-99.98,-96.86,-96.17,-95.64,-99.16,-98.65,-97.62,-77.95,-65.26,-60.48,-64.38,-54.64,-67.77,-39.12,-60.6,-55.49,-67.77,-72.89,-84.63,-82.28,-70.02,-68.5,-56.35,-54.46,-59.51,-68.51,-66.29,-64.18,-56.71,-45.9,-45.34,-68.39,-63.35
city,Ciudad de MÃ©xico,-8,-9,-2,-3,0,2,0,-2,-10,-9,-8,-8,-8,-8,-8,-4,-9,-8,-1,-9,-29,-16,-18,-16,-16,-20,-38,-58,-73,-81,-85.6,-88.83,-93.64,-96.54,-96.01,-95.58,-96.32,-97.11,-96.79,-97.1,-98.27,-97.15,-98.84,-99.63,-100,-99.99,-100,-100,-100,-100,-100,-100,-100,-100,-100,-100,-100,-100,-100,-100,-100,-100,-99.88,-100,-100,-100,-100,-100,-100,-100,-100,-100,-100,-100,-100,-100,-100,-100,-100,-100,-100,-100,-100,-99.88,-99.72,-99.93,-99.7,-99.97,-99.68,-99.97,-99.88,-100,-99.84,-99.71,-99.94,-99.91,-99.91,-99.89,-100,-100,-99.4,-99.94,-99.75,-100,-99.7,-100,-99.91,-100,-100,-99.96,-100,-99.95,-99.96,-99.96,-100,-100,-100,-100,-99.92
city,Columbus,-10,0,-3,-6,-8,7,0,-17,-14,-15,-15,-15,22,-14,-9,-11,-10,-9,-5,3,-26,-19,-19,-37,-38,-53,-49,-100,-100,-100,-100,-100,-100,-100,-100,-100,-100,-100,-100,-100,-100,-100,-100,-100,-100,-100,-100,-100,-100,-100,-100,-100,-100,-100,-100,-100,-100,-100,-100,-100,-100,-100,-100,-100,-100,-100,-100,-100,-100,-100,-100,-100,-100,-100,-100,-100,-100,-100,-100,-100,-100,-100,-100,-99.87,-100,-100,-100,-97.64,-97.41,-97.02,-99.23,-99.46,-98.38,-79.45,-73.5,-74.83,-74.98,-80.18,-72.98,-74.92,-73.2,-71.88,-78.04,-73.38,-82.74,-76.68,-80.95,-76.62,-70.62,-65.7,-66.12,-70.86,-67.23,-67.38,-64.07,-54.92,-54.96,-78.8,-64.89
city,Dallas,6,-4,1,3,-3,-2,-2,14,1,-7,6,10,11,1,-6,-8,0,3,-1,-2,-15,-10,-12,-25,-35,-35,-42,-61,-100,-100,-99.93,-99.93,-100,-100,-100,-100,-100,-100,-100,-100,-100,-100,-100,-100,-100,-100,-100,-100,-100,-100,-100,-100,-100,-99.78,-100,-99.76,-100,-100,-100,-99.69,-100,-100,-100,-100,-100,-100,-100,-100,-100,-100,-100,-100,-100,-90.89,-90.95,-94.05,-92.58,-89.19,-91.56,-91.72,-86.57,-87.07,-89.46,-89.86,-89.23,-87.93,-86.73,-82.78,-82.91,-85.41,-86.56,-85.58,-81.03,-75.75,-67.9,-67.51,-73.13,-74.92,-73.23,-67.38,-69.05,-60.94,-63.15,-77.33,-82.68,-78.42,-75.88,-75.42,-67.67,-60.97,-62.57,-74.38,-64,-60.22,-57.26,-51.2,-53.39,-72.3,-67.29
city,Denver,-1,-12,-9,14,2,-3,-10,-12,-2,-2,1,27,38,3,-9,-3,-10,-9,-6,2,-20,-19,-4,-17,-46,-46,-50,-56,-100,-100,-100,-100,-100,-100,-100,-100,-100,-100,-100,-100,-100,-100,-100,-100,-100,-100,-100,-100,-100,-100,-100,-100,-100,-99.93,-100,-100,-100,-100,-100,-100,-100,-100,-100,-100,-100,-100,-100,-100,-100,-100,-100,-100,-100,-99.73,-100,-100,-100,-99.86,-100,-100,-100,-100,-100,-99.93,-100,-100,-99.82,-99.78,-99.85,-99.81,-99.89,-100,-100,-100,-99.75,-100,-99.89,-100,-100,-91.69,-88.25,-85.43,-89.43,-85.41,-89.1,-83.49,-81.64,-81.93,-72.41,-75.49,-74.02,-82.4,-75.96,-69.36,-61.84,-61.68,-62.05,-72.98,-69.97
city,Dublin,-5,-1,7,0,-3,-6,-12,-11,0,-4,-9,-6,4,-3,-9,-2,-11,-10,-4,-7,-11,-29,-30,-46,-46,-54,-70,-71,-87,-100,-100,-100,-100,-100,-100,-100,-100,-100,-100,-100,-100,-100,-100,-100,-100,-100,-100,-100,-100,-100,-100,-100,-100,-100,-100,-100,-100,-100,-100,-100,-100,-100,-100,-100,-100,-100,-100,-100,-100,-100,-100,-100,-100,-100,-100,-100,-100,-100,-100,-100,-100,-100,-100,-100,-100,-100,-100,-100,-100,-100,-100,-100,-100,-100,-100,-100,-100,-100,-100,-100,-100,-100,-100,-100,-100,-100,-100,-100,-100,-100,-100,-100,-100,-99.97,-99.92,-99.04,-99.44,-100,-99.76
city,Edmonton,8,17,3,4,2,10,0,9,1,-4,11,8,9,-5,11,6,-14,5,-14,4,-19,-14,-10,-23,-33,-40,-46,-64,-92,-97,-98.85,-99.09,-99.64,-99.77,-99.46,-100,-100,-99.7,-99.94,-100,-100,-100,-100,-100,-100,-100,-100,-100,-100,-100,-100,-100,-100,-100,-100,-100,-100,-100,-100,-100,-100,-100,-100,-100,-100,-100,-100,-100,-100,-100,-100,-100,-100,-100,-100,-100,-100,-100,-100,-100,-100,-100,-100,-100,-100,-100,-90.42,-85.12,-85.73,-80.24,-75.39,-74.76,-74.95,-76.92,-78.12,-76.17,-70.59,-92.05,-74.67,-63.15,-59.87,-65.79,-70.69,-61.25,-29.23,-43.89,-51.72,-51.5,-52.99,-62.8,-56.74,-50.08,-49.79,-40.56,-50.51,-46.93,-52.24,-72.84,-42.37
city,Fort Lauderdale,-8,-4,-6,-14,-8,-8,-5,10,6,-11,-7,-18,-17,-12,-15,-8,-11,-13,-3,-14,-15,-19,-15,-25,-28,-30,-44,-46,-88,-100,-100,-100,-100,-100,-100,-100,-100,-100,-100,-100,-100,-100,-100,-100,-100,-100,-100,-100,-100,-100,-100,-100,-100,-100,-100,-100,-100,-100,-100,-100,-100,-100,-100,-100,-100,-100,-100,-100,-100,-100,-100,-100,-100,-100,-100,-100,-100,-100,-100,-100,-100,-100,-100,-100,-100,-100,-100,-100,-100,-100,-85.1,-85.01,-80.99,-75.87,-63.62,-65.11,-74.44,-79.06,-72.42,-65.06,-53.55,-45.9,-43.38,-55.98,-67.39,-66.53,-65.84,-50.96,-41.7,-33.45,-32.13,-49.94,-45.12,-44.81,-41.62,-35.01,-37.89,-55.62,-43.1
city,Hamburg,13,12,4,12,6,9,11,14,13,1,12,0,-3,-5,1,-5,-8,-3,4,0,-13,-16,-5,-24,-28,-40,-55,-76,-95,-100,-100,-100,-100,-100,-100,-100,-100,-100,-100,-100,-100,-100,-100,-100,-100,-100,-100,-100,-100,-100,-100,-100,-100,-100,-100,-100,-100,-100,-100,-100,-100,-100,-100,-100,-100,-100,-100,-100,-100,-100,-100,-100,-100,-100,-100,-100,-100,-100,-100,-100,-100,-100,-100,-100,-100,-100,-100,-100,-100,-100,-100,-100,-100,-100,-100,-100,-100,-100,-100,-100,-100,-100,-100,-100,-32.95,-55.82,-55.46,-52.13,-35.01,-36.79,-51.73,-52.94,-33.07,-37.24,-27.94,-24.01,-33.03,-33.15,-36.74
city,Honolulu,-3,1,3,9,9,-1,5,0,7,0,0,-6,-9,-6,-9,-11,-13,-12,-9,-18,-15,-16,-17,-20,-18,-22,-32,-40,-55,-75,-83.12,-99.46,-100,-100,-100,-100,-100,-100,-100,-100,-100,-100,-100,-100,-100,-100,-100,-100,-100,-100,-100,-100,-100,-100,-100,-100,-100,-100,-100,-100,-100,-100,-100,-100,-100,-100,-100,-100,-100,-100,-100,-100,-100,-100,-100,-100,-100,-100,-100,-100,-100,-100,-100,-100,-99.98,-100,-100,-100,-99.97,-99.99,-99.94,-99.93,-100,-100,-100,-100,-100,-99.99,-100,-100,-99.9,-100,-100,-99.3,-99.78,-99.92,-99.64,-99.65,-89.31,-87.45,-90.58,-90.99,-92.7,-90.59,-89.09,-86.18,-84.84,-90.63,-91.82
city,Houston,-2,-8,-3,3,1,-10,4,7,9,1,-6,-6,2,2,-8,-8,7,6,10,7,-14,-17,-8,-24,-33,-34,-40,-61,-100,-100,-100,-99.91,-100,-100,-100,-100,-100,-100,-100,-100,-100,-100,-100,-99.84,-99.85,-100,-100,-100,-100,-99.77,-100,-100,-100,-100,-100,-100,-100,-100,-100,-100,-100,-100,-100,-100,-100,-100,-100,-99.79,-100,-99.58,-99.51,-100,-99.39,-85.05,-87.15,-89.55,-92.02,-89.24,-91.15,-86.87,-81.04,-82.24,-82.66,-81.4,-81.32,-81.5,-80.17,-76.1,-70.54,-71.15,-79.85,-78.5,-74.31,-71.64,-64.38,-64.28,-69.09,-55.99,-67.14,-65.6,-61.1,-52.77,-55.74,-57.01,-64.02,-69.05,-53.72,-58.15,-49.45,-46.99,-46.02,-59.61,-59.29,-53.91,-54.3,-48.48,-49.26,-69.6,-58.97
city,Indianapolis,52,14,-28,-15,4,17,10,16,-4,-3,-8,3,15,-5,-7,3,2,0,1,-1,-29,-20,-25,-35,-47,-58,-49,-71,-100,-100,-100,-100,-100,-100,-100,-100,-100,-100,-100,-100,-100,-100,-100,-100,-100,-100,-100,-100,-100,-100,-100,-100,-100,-100,-100,-100,-100,-100,-100,-100,-100,-100,-100,-100,-100,-100,-100,-100,-100,-100,-100,-100,-100,-100,-100,-100,-100,-100,-100,-100,-99.13,-100,-99.03,-99.39,-99.55,-99.57,-99.69,-98.79,-99.07,-99.16,-99.02,-98.55,-99,-99.15,-91.02,-91.31,-88.78,-77.82,-91.35,-91.28,-93.23,-89.8,-91.21,-91.7,-87.67,-87.58,-82.57,-75.88,-80.55,-81.58,-77.05,-78.03,-76.78,-76.42,-69.13,-59.12,-55.62,-83.59,-66.48
city,Las Vegas,-22,-19,-6,0,-4,7,-2,-3,-17,-9,-10,-6,-17,-28,-31,-13,-9,-8,-7,-8,-11,-19,-13,-20,-32,-36,-48,-58,-88,-100,-100,-100,-100,-100,-100,-100,-100,-100,-100,-100,-100,-100,-100,-100,-100,-100,-100,-100,-100,-100,-100,-100,-100,-100,-100,-100,-100,-100,-100,-100,-100,-100,-100,-100,-100,-100,-100,-100,-100,-100,-100,-100,-100,-100,-100,-100,-100,-100,-100,-100,-100,-98.17,-97.21,-97.56,-97.22,-96.4,-95.67,-92.95,-91.37,-92.01,-94.3,-93.82,-89.89,-90.18,-89.93,-89.2,-90.72,-91.66,-90.73,-88.87,-89.54,-87.41,-86.87,-89.48,-91.05,-90.09,-87.54,-78.17,-68.03,-63.71,-63.43,-73.19,-69.19,-67.29,-61.91,-56.52,-50.37,-63.74,-66.01
city,London,4,1,2,3,-1,-4,-3,-3,-1,-4,-1,-4,-2,-10,-10,-10,-13,-7,-7,-7,-22,-23,-19,-29,-36,-31,-43,-61,-89,-100,-100,-100,-100,-100,-100,-100,-100,-100,-100,-100,-100,-100,-100,-100,-100,-100,-100,-100,-100,-100,-100,-100,-100,-100,-100,-100,-100,-100,-100,-100,-100,-100,-100,-100,-100,-100,-100,-100,-100,-100,-100,-100,-100,-100,-100,-100,-100,-100,-100,-100,-100,-100,-100,-100,-100,-100,-100,-100,-100,-100,-100,-100,-100,-100,-100,-100,-100,-100,-100,-100,-100,-100,-100,-100,-100,-100,-100,-100,-100,-100,-100,-100,-99.3,-99.58,-99.2,-99.61,-99.61,-99.81,-99.75
city,Los Angeles,7,6,9,1,8,29,12,15,5,0,8,13,-3,-1,4,7,-5,1,-2,-15,-27,-23,-26,-38,-48,-47,-57,-82,-100,-100,-100,-100,-100,-100,-100,-100,-100,-100,-100,-100,-100,-100,-100,-100,-100,-100,-100,-100,-100,-100,-100,-100,-100,-100,-100,-100,-100,-100,-100,-100,-100,-100,-100,-100,-100,-100,-100,-100,-100,-100,-100,-100,-100,-100,-100,-100,-100,-100,-100,-100,-100,-100,-100,-100,-100,-99.82,-100,-99.78,-99.79,-100,-100,-100,-100,-99.9,-100,-99.93,-100,-100,-100,-100,-100,-99.98,-99.61,-99.59,-99.93,-99.41,-99.65,-97.06,-96.98,-95.95,-94.73,-96.09,-95.54,-93.57,-91.28,-89.94,-89,-90.88,-90.13
city,Louisville,28,11,7,0,6,-11,-5,-5,-11,-9,-13,2,13,-6,-13,-15,-7,-7,-5,3,-22,-21,-24,-30,-33,-52,-57,-75,-100,-100,-100,-100,-100,-100,-100,-100,-100,-100,-100,-100,-100,-100,-100,-100,-100,-100,-100,-100,-100,-100,-100,-100,-100,-100,-100,-100,-100,-100,-100,-100,-100,-100,-100,-100,-100,-100,-100,-100,-100,-100,-100,-100,-100,-100,-100,-100,-100,-100,-100,-100,-100,-100,-100,-100,-100,-100,-100,-100,-99.37,-99.06,-100,-100,-100,-99.73,-78.09,-82.3,-83.54,-75.78,-83.92,-82.69,-79.38,-76.92,-78.75,-72.85,-79.98,-82.33,-78.99,-79.31,-72.83,-71.47,-67.5,-80.04,-74.83,-70.93,-66.04,-63.86,-60.52,-77.45,-74.7
city,Miami,0,-8,-5,1,5,-7,17,1,-9,0,0,4,-18,-13,-15,-6,-2,-11,-2,10,-9,-15,-18,-22,-27,-30,-36,-46,-78,-100,-100,-100,-100,-100,-100,-100,-100,-100,-100,-100,-100,-100,-100,-100,-100,-100,-100,-100,-100,-100,-100,-100,-100,-100,-100,-100,-100,-100,-100,-100,-100,-100,-100,-100,-100,-100,-100,-100,-100,-100,-100,-100,-100,-100,-100,-100,-100,-100,-100,-100,-100,-100,-100,-100,-100,-100,-100,-100,-99.9,-99.88,-99.42,-96.77,-94.33,-95.41,-93.94,-94.69,-95.09,-97.02,-95.13,-76.15,-78.49,-72.2,-75.98,-78.26,-84.3,-81.66,-78.77,-73.23,-68,-67.74,-64.09,-81.59,-53.05,-54.28,-75.92,-47.63,-56.58,-65.24,-60.04
city,Miami Beach,19,-2,6,7,10,9,16,26,3,3,0,5,5,-8,-8,-15,-16,-8,-3,-10,-11,-17,-20,-22,-21,-24,-23,-43,-71,-100,-100,-100,-99.93,-100,-100,-100,-100,-100,-100,-100,-100,-100,-100,-100,-100,-100,-100,-100,-100,-100,-100,-100,-100,-100,-100,-100,-100,-100,-100,-100,-100,-100,-100,-100,-100,-100,-100,-99.84,-100,-100,-100,-100,-100,-100,-100,-100,-100,-100,-100,-100,-100,-100,-100,-100,-100,-100,-99.79,-99.92,-100,-100,-100,-99.66,-99.76,-100,-99.87,-99.74,-99.94,-100,-99.75,-78.67,-83.66,-82.58,-82.26,-83.3,-86.44,-82.77,-79,-82.41,-69.29,-74.23,-75.13,-77.16,-71.5,-63.29,-54.17,-49.92,-49.5,-64.43,-59.79
city,Minneapolis,-14,27,-33,-15,12,33,18,27,12,29,39,11,14,-19,-3,6,-13,-6,61,23,-19,-14,-17,-28,-22,-35,-33,-76,-100,-100,-100,-100,-100,-100,-100,-100,-100,-100,-100,-100,-100,-100,-100,-100,-100,-100,-100,-100,-100,-100,-100,-100,-100,-100,-100,-100,-100,-100,-100,-100,-100,-100,-100,-100,-100,-100,-100,-100,-100,-100,-100,-100,-100,-100,-100,-100,-100,-100,-100,-100,-100,-100,-100,-100,-100,-100,-99.62,-100,-99.22,-98.92,-99.32,-99.5,-99.3,-99.58,-99.79,-99.85,-99.93,-100,-98.1,-98.62,-99.51,-98.95,-98.88,-99.86,-96.81,-97.31,-96.04,-92.67,-90.22,-91.37,-83.22,-83.61,-95.04,-77.13,-74.48,-73.12,-71.83,-79.33,-74.36
city,MontrÃ©al,16,14,-5,-1,14,42,13,21,4,1,-7,13,15,-32,-21,7,0,7,14,38,-14,-22,-26,-24,-48,-43,-42,-66,-94,-97,-98.56,-99.24,-99.38,-99.32,-100,-100,-100,-100,-100,-100,-100,-100,-100,-100,-100,-100,-100,-100,-100,-100,-100,-100,-100,-100,-100,-100,-100,-100,-100,-100,-100,-100,-100,-100,-100,-100,-100,-100,-100,-100,-100,-100,-100,-100,-100,-100,-100,-100,-100,-100,-100,-100,-100,-100,-100,-100,-100,-100,-100,-100,-100,-100,-100,-100,-100,-100,-100,-100,-100,-100,-100,-100,-100,-95.85,-98.43,-99.17,-99.11,-99.58,-98.71,-98.85,-98.77,-99.3,-99.21,-99,-98.2,-99.13,-99.38,-99.36,-94.41
city,MÃ¼nchen,8,14,4,10,-1,-6,-4,8,-4,-3,4,6,19,9,-2,8,5,-6,13,-9,-15,-19,-21,-17,-28,-44,-53,-66,-92,-99,-99.37,-99.78,-100,-100,-100,-100,-100,-100,-100,-100,-100,-100,-100,-100,-100,-100,-100,-100,-100,-100,-100,-100,-100,-100,-100,-100,-100,-100,-100,-100,-100,-100,-100,-100,-100,-100,-100,-100,-100,-100,-100,-100,-100,-100,-100,-100,-100,-100,-100,-100,-100,-100,-100,-100,-100,-99.99,-100,-100,-99.72,-98.93,-72.21,-75.86,-78.23,-65,-74.22,-95.91,-84.6,-58.34,-61.84,-56.32,-64.26,-48.85,-37.32,-28.53,-29.89,-46.55,-41.52,-48.53,-23.1,-26.73,-44.26,-32.87,-16.94,-12.45,5.59,-6.66,-19.01,-30.02,-18.72
city,Naples,-2,-5,-3,7,3,2,-1,8,7,2,2,0,5,-11,-5,-7,-1,0,2,-6,-18,-14,-13,-17,-24,-30,-38,-53,-72,-79,-83.78,-95.68,-100,-100,-100,-100,-100,-100,-100,-100,-100,-100,-100,-100,-100,-100,-100,-100,-100,-100,-100,-100,-100,-100,-100,-100,-100,-100,-100,-100,-100,-100,-100,-100,-100,-100,-100,-100,-100,-100,-100,-100,-100,-100,-100,-100,-77.05,-84.66,-78.1,-79.73,-60.54,-62.99,-72.19,-61.17,-52.04,-57.14,-52.77,-58.36,-51.78,-45.9,-55.82,-36.82,-35.03,-38.24,-47.41,-42.11,-47.75,-36.36,-21.49,-16.15,-29.73,-28.56,-30.21,-24.83,-28.84,-34.82,-27.65,-36.49,-27.52,-32.7,-24.64,-35.55,-28,-37.98,-11.49,-9.12,-21.94,-50.3,7.17
city,Nashville,13,7,-10,7,10,-12,-14,-12,-14,4,12,3,-3,2,-14,2,-3,0,5,-4,-13,-7,-21,-30,-37,-40,-54,-70,-92,-97,-98.59,-100,-100,-100,-100,-100,-100,-100,-100,-100,-100,-100,-100,-100,-100,-100,-100,-100,-100,-100,-100,-100,-100,-100,-100,-100,-100,-100,-100,-100,-100,-100,-100,-100,-100,-100,-100,-100,-100,-100,-100,-100,-100,-100,-100,-100,-100,-100,-100,-100,-100,-100,-100,-96.61,-95.72,-94.9,-93.99,-91.23,-90.66,-92.83,-91.47,-90.77,-88.23,-86.9,-86.39,-87.46,-87.97,-85.29,-86.16,-84.44,-84.32,-75.96,-80.37,-91.03,-87.6,-87.9,-84.18,-85.79,-77.67,-78.67,-80.99,-83.87,-77.87,-73.87,-74.82,-65.78,-63.19,-78.06,-76.35
city,New Orleans,-9,1,14,23,10,21,109,102,9,-21,-21,-16,-27,-47,-59,-32,5,6,3,-3,-13,-13,-21,-28,-32,-39,-54,-63,-100,-100,-99.96,-100,-100,-100,-100,-100,-100,-100,-100,-100,-100,-100,-100,-100,-100,-100,-100,-100,-100,-100,-100,-100,-100,-100,-100,-100,-100,-100,-100,-100,-100,-100,-100,-100,-100,-100,-100,-100,-100,-100,-100,-100,-100,-100,-100,-100,-100,-100,-100,-100,-100,-100,-100,-100,-100,-100,-99.86,-99.02,-91.41,-91.74,-94.81,-91.4,-90.15,-89.11,-87.23,-88.26,-88.68,-92.43,-88.21,-85.19,-84.23,-81.09,-81.24,-84.32,-91.4,-90.57,-84.31,-82.87,-80.55,-84.04,-96.63,-91.94,-86,-82.1,-76.15,-69.83,-67.07,-74.11,-75.45
city,New York,1,11,3,0,3,13,7,1,1,-2,1,-2,-2,-6,-12,-12,-9,-15,-10,-4,-18,-30,-36,-52,-61,-64,-69,-77,-100,-100,-100,-100,-100,-100,-100,-100,-100,-100,-100,-100,-100,-100,-100,-100,-100,-100,-100,-100,-100,-100,-100,-100,-100,-100,-100,-100,-100,-100,-100,-100,-100,-100,-100,-100,-100,-100,-100,-100,-100,-100,-100,-100,-100,-100,-100,-100,-100,-100,-100,-100,-100,-100,-100,-99.98,-100,-100,-99.98,-99.96,-99.96,-99.96,-99.19,-99.36,-98.63,-99.12,-99.51,-99.5,-99.72,-99.66,-99.25,-98.69,-98.78,-99.27,-99.22,-99.52,-99.31,-99.32,-99.33,-99.3,-99.62,-99.49,-99.43,-99.77,-99.45,-99.15,-99.17,-99.62,-99.59,-99.58,-99.65
city,Orlando,-6,-3,-12,-7,2,4,5,0,14,21,5,1,4,-18,-18,-18,-2,-1,1,-8,-34,-37,-30,-30,-33,-32,-47,-53,-85,-90,-92.76,-97.48,-100,-100,-100,-100,-100,-100,-100,-100,-100,-100,-100,-100,-100,-100,-100,-100,-100,-100,-100,-100,-100,-100,-100,-100,-100,-100,-100,-100,-100,-100,-100,-100,-100,-100,-100,-100,-100,-100,-100,-100,-100,-100,-100,-100,-95.73,-95.93,-96.14,-94.86,-91.65,-92.45,-88.38,-91.59,-90.03,-90.88,-89.66,-87.01,-85.64,-86.98,-91.76,-88.23,-87.97,-84.37,-83.28,-81.85,-81.81,-82.37,-82.54,-81.3,-81.75,-74.58,-72.73,-77.28,-84.97,-82.4,-78.25,-74.94,-68.49,-67.13,-67.18,-73.99,-73.89,-79.58,-71.45,-58.16,-59.31,-75.74,-70.16
city,Philadelphia,10,55,11,1,2,6,-2,-2,10,13,11,7,21,13,4,6,8,-7,1,3,-7,-14,-16,-39,-40,-48,-54,-85,-100,-100,-100,-100,-100,-100,-100,-100,-100,-100,-100,-100,-100,-100,-100,-100,-100,-100,-100,-100,-100,-100,-100,-100,-100,-100,-100,-100,-100,-100,-100,-100,-100,-100,-100,-100,-100,-100,-100,-100,-100,-100,-100,-100,-100,-100,-100,-100,-100,-100,-100,-100,-100,-100,-100,-99.98,-100,-100,-99.94,-99.98,-99.75,-99.79,-99.97,-99.98,-100,-100,-99.84,-99.92,-100,-100,-100,-100,-100,-100,-100,-99.53,-99.96,-98.96,-99,-98.77,-99.81,-99.88,-99.86,-99.95,-99.77,-99.95,-99.62,-90.8,-84.87,-85.9,-82.19
city,Phoenix,-4,0,11,-1,0,1,7,3,-2,-2,7,-5,-11,-13,-21,-8,-8,-7,-6,-8,-18,-13,-28,-21,-28,-27,-45,-66,-86,-99,-99.65,-99.85,-100,-100,-100,-100,-100,-100,-100,-100,-100,-100,-100,-100,-100,-100,-100,-100,-100,-100,-100,-100,-100,-100,-100,-100,-100,-100,-100,-100,-100,-100,-100,-100,-99.09,-100,-100,-100,-100,-100,-100,-100,-100,-100,-100,-100,-100,-100,-100,-100,-100,-100,-100,-79.51,-84.97,-83.41,-82.16,-78.26,-78.98,-77.87,-83.35,-79.01,-79.16,-74.3,-68.78,-70.19,-74.1,-63.26,-69.96,-63.34,-63.87,-58.91,-55.66,-65.92,-60.58,-59.84,-60.04,-59.4,-51.65,-50.56,-38.4,-43.7,-57.08,-60.37,-53.52,-52.21,-52.95,-77.68,-65.68
city,Pittsburgh,10,24,-14,-9,-4,-4,14,-3,-10,-19,-16,5,32,-12,-11,-2,-10,-17,9,1,-13,-31,-24,-42,-42,-48,-48,-63,-100,-100,-100,-100,-100,-100,-100,-100,-100,-100,-100,-100,-100,-100,-100,-100,-100,-100,-100,-100,-100,-100,-100,-100,-100,-100,-100,-100,-100,-100,-100,-100,-100,-100,-100,-100,-100,-100,-100,-100,-100,-100,-100,-100,-100,-100,-100,-100,-100,-100,-100,-100,-100,-100,-100,-100,-100,-100,-100,-100,-99.91,-100,-99.76,-100,-100,-100,-100,-100,-100,-100,-100,-100,-100,-100,-100,-100,-100,-100,-100,-99.86,-81.14,-79.72,-82.61,-85.42,-83.01,-80.94,-75.23,-70.4,-65.36,-79.49,-76.8
city,Portland,1,-4,7,11,6,22,14,-7,17,4,-4,4,9,5,-3,-1,3,0,-3,5,-16,-7,-20,-32,-41,-39,-54,-61,-100,-100,-100,-100,-100,-100,-100,-100,-100,-100,-100,-100,-100,-100,-100,-100,-100,-100,-100,-100,-100,-100,-100,-100,-100,-100,-100,-100,-100,-100,-100,-100,-100,-100,-100,-100,-100,-100,-100,-100,-100,-100,-100,-100,-100,-100,-100,-100,-100,-100,-100,-100,-100,-100,-100,-100,-100,-99.9,-100,-100,-99.84,-99.75,-99.88,-99.91,-99.66,-99.64,-99.37,-100,-99.99,-99.71,-99.92,-99.92,-99.4,-99.41,-99.7,-100,-100,-99.8,-99.73,-99.79,-99.89,-99.62,-99.71,-99.91,-98.76,-98.93,-98.93,-97.96,-97.75,-98.81,-98.03
city,Raleigh,7,10,-49,-9,4,1,-11,-9,-5,-1,-4,-2,1,-6,-9,-8,-13,-9,-9,-11,-18,-18,-15,-21,-29,-39,-55,-68,-97,-100,-100,-100,-100,-100,-100,-100,-100,-100,-100,-100,-100,-100,-100,-100,-100,-100,-100,-100,-100,-100,-100,-100,-100,-100,-100,-100,-100,-100,-100,-100,-100,-100,-100,-100,-100,-100,-100,-100,-100,-100,-100,-100,-100,-100,-100,-100,-100,-100,-100,-100,-100,-100,-100,-100,-100,-100,-100,-100,-99.96,-100,-100,-100,-100,-100,-91.72,-85.49,-88.92,-88.02,-84.92,-85.42,-85.25,-80.47,-74.86,-83.54,-94.21,-92.68,-92.74,-89.52,-83.61,-82.61,-81.5,-82.97,-81.29,-78.54,-77.09,-72.27,-72.59,-83.21,-83.25
city,San Antonio,-6,-4,-5,2,-6,-15,-15,9,-5,5,1,-6,0,-6,-22,-10,-6,-8,-15,-23,-32,-22,-27,-28,-41,-39,-45,-59,-83,-91,-100,-100,-100,-100,-100,-100,-100,-100,-100,-100,-100,-100,-100,-100,-100,-100,-100,-100,-100,-100,-100,-100,-100,-100,-100,-100,-100,-100,-100,-100,-100,-100,-100,-100,-100,-100,-100,-100,-100,-100,-100,-100,-100,-85.37,-91.6,-91.96,-93.95,-88.8,-89.85,-88.38,-82.57,-87.58,-82.74,-84.4,-84.57,-85.54,-82.25,-79.94,-80.9,-82.32,-80.68,-80.55,-75.23,-74.03,-67.94,-70.56,-72.14,-62.65,-65.7,-66.75,-74.18,-60.72,-60.05,-63,-69.98,-68.19,-60.11,-54.84,-60.02,-53.29,-60.98,-62.03,-65.6,-62.2,-57.4,-52.63,-46.94,-71.62,-55.53
city,San Diego,-1,9,7,-1,-12,-1,-11,-2,-3,4,3,12,-2,4,-2,-3,-1,-1,-1,-7,-13,-34,-31,-43,-43,-42,-49,-62,-100,-100,-99.58,-100,-100,-100,-100,-100,-100,-100,-100,-100,-100,-100,-100,-100,-100,-100,-100,-100,-100,-100,-100,-100,-100,-100,-100,-100,-100,-100,-100,-100,-100,-100,-100,-100,-100,-100,-100,-100,-100,-100,-100,-100,-100,-100,-100,-100,-100,-100,-100,-100,-100,-100,-100,-100,-100,-100,-99.85,-100,-99.98,-100,-100,-100,-100,-100,-93.47,-90.98,-89.1,-83.77,-83.92,-80.33,-82.85,-77.31,-76.98,-80.78,-82.34,-79.9,-78.57,-79.6,-69.92,-70.68,-69.91,-77.98,-77.58,-72.1,-70.23,-60.37,-59.63,-73.79,-66.48
city,San Francisco,-15,-11,-4,-8,-9,-9,9,16,12,5,-8,-10,-18,-22,-24,-24,-22,-18,-18,-26,-41,-43,-43,-51,-53,-58,-72,-80,-100,-100,-100,-100,-100,-100,-100,-100,-99.97,-99.98,-99.94,-100,-100,-99.83,-99.98,-100,-100,-100,-100,-100,-100,-100,-99.83,-100,-100,-100,-100,-100,-100,-99.87,-100,-100,-100,-100,-100,-99.97,-100,-100,-100,-100,-100,-100,-100,-100,-100,-100,-100,-100,-100,-100,-100,-99.94,-100,-100,-100,-99.92,-99.98,-99.9,-99.88,-99.96,-99.98,-99.76,-99.95,-99.91,-99.83,-99.84,-99.91,-99.99,-99.99,-99.97,-99.69,-99.94,-99.96,-99.91,-99.99,-99.49,-99.72,-99.86,-99.47,-99.88,-99.56,-99.74,-99.97,-99.8,-99.74,-99.64,-99.67,-98.12,-97.63,-97.93,-96.3
city,San Pedro Garza GarcÃ­a,-9,-12,-5,4,10,17,4,-5,0,5,-1,17,8,25,14,9,-5,-1,19,-3,-22,1,-11,-22,-28,-34,-60,-65,-88,-94,-100,-100,-100,-100,-100,-100,-100,-100,-100,-100,-100,-100,-100,-100,-100,-100,-100,-100,-100,-100,-100,-100,-100,-100,-100,-100,-100,-100,-100,-100,-100,-100,-100,-100,-100,-100,-100,-100,-100,-100,-100,-100,-100,-100,-100,-100,-100,-100,-100,-100,-100,-100,-100,-100,-100,-100,-99.16,-99.93,-98.85,-99.98,-100,-100,-100,-100,-100,-99.44,-100,-94.88,-94.63,-91.12,-90.43,-87.6,-86.57,-87.91,-86.44,-87.31,-86.01,-84.28,-79.95,-77.91,-86.33,-85.84,-81.5,-81.33,-76.56,-72.13,-74.54,-87.15,-84.14
city,Scottsdale,-3,-3,5,6,-5,5,-3,11,2,5,2,2,-4,-7,-6,1,-4,-2,-1,-10,-4,-16,-23,-22,-29,-25,-38,-54,-76,-90,-93.33,-96.28,-100,-100,-100,-100,-100,-100,-100,-100,-100,-100,-100,-100,-100,-100,-100,-100,-100,-100,-100,-100,-100,-100,-100,-100,-100,-100,-100,-100,-100,-100,-100,-100,-100,-100,-100,-100,-100,-100,-99.98,-100,-100,-100,-100,-100,-100,-100,-100,-100,-100,-100,-100,-69.09,-75.66,-72.05,-69.12,-66.16,-64.04,-66.42,-64,-60.8,-59.24,-49.62,-47.04,-47.68,-51.09,-53.66,-45.41,-41.65,-42.39,-28.8,-35.73,-60.52,-60.74,-53.09,-45.63,-41.03,-46.69,-44.92,-49.32,-33.86,-38.18,-36.11,-29.58,-27.67,-31.72,-59.82,-34.15
city,Seattle,8,11,6,1,1,12,1,0,3,5,7,0,-18,-29,-31,-31,-36,-34,-35,-25,-47,-49,-54,-58,-63,-63,-62,-83,-100,-100,-100,-100,-100,-100,-100,-100,-100,-100,-100,-100,-100,-100,-100,-100,-100,-100,-100,-100,-100,-100,-100,-100,-100,-100,-100,-100,-100,-100,-100,-100,-100,-100,-100,-100,-100,-100,-100,-100,-100,-100,-100,-100,-100,-100,-100,-100,-100,-100,-100,-100,-100,-100,-100,-99.95,-99.6,-99.72,-99.97,-100,-99.95,-99.16,-99.86,-99.77,-99.64,-99.19,-99.86,-99.44,-99.43,-99.25,-99.74,-99.8,-99.9,-98.76,-99.71,-99.91,-99.2,-99.43,-99.77,-99.44,-99.42,-99,-98.82,-95.97,-96.13,-94.53,-94.18,-93.16,-91.16,-93.98,-94.04
city,Tampa,7,5,2,-4,11,-6,-6,15,5,5,10,5,-15,12,3,10,-1,-1,0,-2,0,-15,-14,-16,-22,-23,-20,-48,-75,-84,-86.32,-94.9,-99.8,-100,-100,-100,-100,-100,-100,-100,-100,-100,-100,-100,-100,-100,-100,-100,-100,-100,-100,-100,-100,-100,-100,-100,-100,-100,-100,-100,-100,-100,-100,-100,-100,-100,-100,-100,-100,-100,-100,-100,-100,-100,-100,-100,-80.27,-77.89,-83.34,-78.15,-76.52,-76.75,-78.63,-76.73,-72.78,-70.79,-68.45,-63.03,-61.95,-60.25,-77.89,-68.77,-65.04,-58.78,-48.46,-46.31,-43.08,-30.21,-49.72,-50.64,-46.38,-36.85,-38.35,-58.48,-66.81,-62.01,-53.6,-47.28,-37.47,-44.44,-32.79,-27.5,-33.05,-31.38,-30.04,-26.32,-26.77,-60.98,-38.49
city,Toronto,-14,-8,-9,-9,-4,12,-8,-7,-6,-17,-16,-5,-9,-10,-9,-2,-2,-15,-7,5,-18,-21,-28,-37,-49,-49,-54,-76,-100,-100,-100,-100,-100,-100,-100,-100,-100,-100,-100,-100,-100,-100,-100,-100,-100,-100,-100,-100,-100,-100,-100,-100,-100,-100,-100,-100,-100,-100,-100,-100,-100,-100,-100,-100,-100,-100,-100,-100,-100,-100,-100,-100,-100,-100,-100,-100,-100,-100,-100,-100,-100,-100,-100,-99.99,-100,-99.95,-99.77,-100,-99.22,-99.7,-99.84,-99.11,-98.68,-99.51,-99.5,-99.38,-98.68,-100,-99.64,-98.34,-99.62,-99.43,-99.05,-99.21,-99.49,-98.98,-99.04,-98.99,-99.55,-99.65,-99.38,-99.65,-99.76,-99.27,-99.14,-99.12,-99.09,-99.54,-99.24
city,Vancouver,9,1,7,6,7,2,1,3,1,-5,-1,1,-2,-10,-6,-6,-2,-5,-15,-1,1,-6,-17,-24,-36,-33,-36,-53,-98,-99,-99.84,-99.94,-100,-100,-100,-100,-100,-100,-100,-100,-100,-100,-100,-100,-100,-100,-100,-100,-100,-100,-100,-100,-100,-100,-100,-100,-100,-100,-100,-100,-100,-100,-100,-100,-100,-100,-100,-100,-100,-100,-100,-100,-100,-100,-100,-100,-100,-100,-100,-100,-100,-100,-100,-100,-100,-99.61,-100,-100,-99.8,-100,-100,-93.02,-93.9,-95.56,-92.74,-91.67,-91.54,-98.73,-83.2,-80.5,-83.21,-81.48,-81.8,-82.18,-79.44,-83.08,-77.37,-78.95,-77.04,-72.37,-67.95,-75.19,-83.96,-79.2,-74.33,-74.55,-68,-78.88,-82.35
city,Washington,-5,57,9,0,9,16,13,9,9,2,4,2,6,0,-8,8,-4,-5,1,0,-9,-18,-22,-38,-44,-44,-55,-76,-100,-100,-100,-100,-100,-100,-100,-100,-100,-100,-100,-100,-100,-100,-100,-100,-100,-100,-100,-100,-100,-100,-100,-100,-100,-100,-100,-100,-100,-100,-100,-100,-100,-100,-100,-100,-100,-100,-100,-100,-100,-100,-100,-100,-100,-100,-100,-100,-100,-100,-100,-100,-100,-100,-100,-100,-100,-100,-99.98,-99.97,-97.26,-97.71,-97.93,-96.74,-97.72,-96.85,-98.48,-99.11,-98.75,-98.71,-99.22,-97.11,-98.27,-95.13,-92.87,-92.57,-97.23,-98.1,-96.79,-95.96,-95.35,-91.01,-88.39,-91.19,-91.88,-93.26,-91.14,-88.42,-86.63,-89.5,-91.35